loan_id,default_probability,default_flag_predicted
LN0009468,0.1505,0
LN0014847,0.0465,0
LN0011993,0.1064,0
LN0012068,0.3568,0
LN0001934,0.6487,1
LN0010729,0.7592,1
LN0007719,0.5978,0
LN0000664,0.0834,0
LN0015709,0.1492,0
LN0014647,0.1575,0
LN0001763,0.0782,0
LN0009347,0.217,0
LN0014355,0.0549,0
LN0005960,0.6985,1
LN0006092,0.0979,0
LN0015097,0.867,1
LN0002768,0.921,1
LN0016313,0.1759,0
LN0011108,0.346,0
LN0007532,0.0494,0
LN0010094,0.1606,0
LN0007993,0.9928,1
LN0013280,0.0802,0
LN0014967,0.9329,1
LN0016422,0.2144,0
LN0004649,0.4757,0
LN0006548,0.0616,0
LN0005907,0.9768,1
LN0014035,0.1847,0
LN0003702,0.0495,0
LN0016196,0.4046,0
LN0012783,0.5486,0
LN0001940,0.1822,0
LN0017689,0.9998,1
LN0017133,0.1082,0
LN0014578,0.7825,1
LN0006539,0.3916,0
LN0007522,0.1215,0
LN0016580,0.4692,0
LN0014706,0.9964,1
LN0000860,0.0567,0
LN0001853,0.1058,0
LN0010614,0.2912,0
LN0013836,0.8929,1
LN0003840,0.3614,0
LN0008229,0.0941,0
LN0010396,0.0334,0
LN0014235,0.3225,0
LN0002968,0.1642,0
LN0004929,0.1541,0
LN0013077,0.1,0
LN0012147,0.5486,0
LN0007428,0.4868,0
LN0012821,0.5357,0
LN0014819,0.3451,0
LN0001099,0.0458,0
LN0000681,0.1913,0
LN0001230,0.9795,1
LN0006360,0.9991,1
LN0005985,0.9594,1
LN0017208,0.3695,0
LN0016522,0.0438,0
LN0005620,0.061,0
LN0008278,0.5018,0
LN0000116,0.1255,0
LN0010852,0.1919,0
LN0002820,0.0975,0
LN0001762,0.4926,0
LN0015190,0.256,0
LN0001272,0.102,0
LN0016015,0.8254,1
LN0015335,0.9889,1
LN0007981,0.4406,0
LN0003319,0.0863,0
LN0010542,0.3684,0
LN0003201,0.096,0
LN0013157,0.1292,0
LN0001811,0.8915,1
LN0010774,0.2817,0
LN0013183,0.7786,1
LN0010705,0.1097,0
LN0001377,0.0563,0
LN0007578,0.3053,0
LN0006556,0.6489,1
LN0006986,0.0676,0
LN0003169,0.9049,1
LN0007813,0.1707,0
LN0009107,0.0321,0
LN0005998,0.6053,0
LN0015633,0.3589,0
LN0005537,0.5764,0
LN0012286,0.3442,0
LN0017334,0.9959,1
LN0005662,0.7412,1
LN0006372,0.2087,0
LN0002720,0.646,1
LN0017603,0.1358,0
LN0009204,0.8517,1
LN0010868,0.759,1
LN0010214,0.3775,0
LN0008183,0.9914,1
LN0010694,0.9682,1
LN0016550,0.1489,0
LN0008988,0.0254,0
LN0013225,0.1374,0
LN0007871,0.2772,0
LN0010696,0.0898,0
LN0015941,0.1546,0
LN0005436,0.3379,0
LN0012556,0.5088,0
LN0014237,0.9956,1
LN0007191,0.1457,0
LN0004496,0.957,1
LN0006343,0.1514,0
LN0009079,0.1213,0
LN0017720,0.2462,0
LN0012809,0.0675,0
LN0017872,0.9054,1
LN0012450,0.0932,0
LN0008502,0.9771,1
LN0001970,0.1075,0
LN0010757,0.2084,0
LN0011042,0.0577,0
LN0009278,0.2076,0
LN0006990,0.3451,0
LN0016704,0.4957,0
LN0017202,0.96,1
LN0011054,0.0581,0
LN0015824,0.1876,0
LN0010181,0.8423,1
LN0002870,0.6543,1
LN0000206,0.8168,1
LN0002812,0.0838,0
LN0014367,0.6864,1
LN0007923,0.5325,0
LN0016132,0.0832,0
LN0003744,0.0606,0
LN0010423,0.0506,0
LN0000127,0.0768,0
LN0013795,0.5697,0
LN0014292,0.9995,1
LN0010527,0.284,0
LN0013870,0.9855,1
LN0001268,0.1292,0
LN0001257,0.0738,0
LN0011684,0.7722,1
LN0017196,0.0607,0
LN0008598,0.4547,0
LN0000581,0.1683,0
LN0017310,0.254,0
LN0015730,0.7438,1
LN0004341,0.4624,0
LN0003691,0.8263,1
LN0014026,0.4429,0
LN0001829,0.833,1
LN0008839,0.9912,1
LN0010572,0.0967,0
LN0001168,0.276,0
LN0001926,0.792,1
LN0008554,0.5438,0
LN0005570,0.6585,1
LN0006571,0.4029,0
LN0000588,0.1427,0
LN0017074,0.39,0
LN0006375,0.3362,0
LN0013723,0.1643,0
LN0015965,0.9929,1
LN0005819,0.4944,0
LN0000079,0.8935,1
LN0015148,0.4227,0
LN0014811,0.0882,0
LN0009822,0.3467,0
LN0005725,0.0774,0
LN0017984,0.1152,0
LN0002762,0.9988,1
LN0004073,0.2705,0
LN0016610,0.1151,0
LN0004560,0.2534,0
LN0004778,0.4114,0
LN0016758,0.4303,0
LN0014232,0.9709,1
LN0014687,0.3499,0
LN0016504,0.1233,0
LN0005627,0.3762,0
LN0011590,0.164,0
LN0009915,0.5532,0
LN0006133,0.434,0
LN0003554,0.785,1
LN0003332,0.856,1
LN0006440,0.3946,0
LN0001020,0.0811,0
LN0002290,0.1586,0
LN0014765,0.3269,0
LN0005094,0.0286,0
LN0016282,0.873,1
LN0013987,0.096,0
LN0016794,0.1131,0
LN0009340,0.0928,0
LN0016786,0.2008,0
LN0005760,0.212,0
LN0010168,0.3167,0
LN0006275,0.4418,0
LN0005935,0.1857,0
LN0015771,0.101,0
LN0009703,0.9945,1
LN0007080,0.9951,1
LN0015440,0.0666,0
LN0014574,0.0612,0
LN0016521,0.0665,0
LN0010315,0.155,0
LN0004737,0.493,0
LN0004301,0.1967,0
LN0016850,0.4326,0
LN0000405,0.3346,0
LN0009224,0.3604,0
LN0002072,0.3307,0
LN0007209,0.7773,1
LN0002724,0.7839,1
LN0010489,0.1377,0
LN0006341,0.1341,0
LN0017930,0.0857,0
LN0016358,0.8837,1
LN0012317,0.9984,1
LN0017857,0.1084,0
LN0006566,0.0236,0
LN0000153,0.2834,0
LN0014294,0.0583,0
LN0012836,0.1978,0
LN0002425,0.9513,1
LN0000483,0.4853,0
LN0013068,0.2431,0
LN0017155,0.1593,0
LN0009558,0.966,1
LN0000781,0.1249,0
LN0015505,0.7975,1
LN0012936,0.2844,0
LN0015879,0.0345,0
LN0013944,0.244,0
LN0009767,0.1753,0
LN0002377,0.1045,0
LN0011719,0.0781,0
LN0010508,0.0912,0
LN0013418,0.0957,0
LN0012735,0.1052,0
LN0017312,0.0535,0
LN0000527,0.1907,0
LN0016563,0.9408,1
LN0013365,0.6615,1
LN0008812,0.1975,0
LN0008809,0.4989,0
LN0004613,0.8512,1
LN0011175,0.2623,0
LN0016028,0.8892,1
LN0006296,0.9991,1
LN0004612,0.9903,1
LN0014722,0.082,0
LN0015508,0.2662,0
LN0013071,0.9341,1
LN0016002,0.2631,0
LN0004083,0.8167,1
LN0010117,0.4491,0
LN0000632,0.4232,0
LN0001313,0.1239,0
LN0000771,0.1118,0
LN0007379,0.2551,0
LN0010182,0.8772,1
LN0000191,0.1527,0
LN0013411,0.9987,1
LN0017991,0.4068,0
LN0011443,0.1054,0
LN0011197,0.9657,1
LN0002218,0.9946,1
LN0002503,0.1356,0
LN0017742,0.958,1
LN0016334,0.8946,1
LN0003569,0.4864,0
LN0001344,0.828,1
LN0015209,0.3431,0
LN0007575,0.9954,1
LN0013860,0.2531,0
LN0000661,0.2003,0
LN0013425,0.1488,0
LN0003710,0.8743,1
LN0015038,0.1593,0
LN0008366,0.1572,0
LN0013105,0.6635,1
LN0006255,0.6882,1
LN0011223,0.0745,0
LN0003842,0.7774,1
LN0010574,0.163,0
LN0004876,0.463,0
LN0015258,0.8776,1
LN0004196,0.6884,1
LN0006603,0.3706,0
LN0017641,0.178,0
LN0015943,0.8489,1
LN0009969,0.8884,1
LN0013538,0.291,0
LN0010739,0.2007,0
LN0011898,0.0637,0
LN0003241,0.2563,0
LN0000090,0.0526,0
LN0003331,0.9059,1
LN0012238,0.0965,0
LN0002196,0.0686,0
LN0011172,0.2862,0
LN0014711,0.0989,0
LN0003864,1.0,1
LN0003628,0.9987,1
LN0005645,0.0982,0
LN0013823,0.7064,1
LN0001995,0.4022,0
LN0006410,0.9547,1
LN0012678,0.6066,0
LN0001241,0.863,1
LN0013396,0.5571,0
LN0010654,0.225,0
LN0000286,0.1203,0
LN0013728,0.0804,0
LN0017020,0.111,0
LN0009581,0.0669,0
LN0003278,0.0745,0
LN0006564,0.9754,1
LN0003675,0.8718,1
LN0007658,0.3114,0
LN0014287,0.0588,0
LN0011623,0.0676,0
LN0014290,0.1015,0
LN0002963,0.3859,0
LN0012395,0.3374,0
LN0000259,0.0512,0
LN0014821,0.9837,1
LN0006512,0.3044,0
LN0005312,0.3538,0
LN0001357,0.0347,0
LN0010545,0.8575,1
LN0011169,0.1325,0
LN0008838,0.104,0
LN0003293,0.1892,0
LN0015539,0.7396,1
LN0003728,0.125,0
LN0009440,0.0621,0
LN0000930,0.1994,0
LN0005443,0.284,0
LN0005778,0.0637,0
LN0017593,0.089,0
LN0012156,0.2615,0
LN0001760,0.2993,0
LN0013172,0.2469,0
LN0009765,0.0694,0
LN0000854,0.6485,1
LN0012189,0.4393,0
LN0014415,0.5888,0
LN0011716,0.7978,1
LN0009753,0.9661,1
LN0008842,0.9748,1
LN0008113,0.1705,0
LN0006997,0.1396,0
LN0015043,0.3378,0
LN0005727,0.7161,1
LN0013914,0.0823,0
LN0014179,0.0575,0
LN0000413,0.0912,0
LN0000615,0.598,0
LN0004832,0.8088,1
LN0016682,0.9417,1
LN0009048,0.7963,1
LN0005311,0.8765,1
LN0015578,0.2849,0
LN0004379,0.4765,0
LN0003105,0.9499,1
LN0010333,0.6682,1
LN0009450,0.8977,1
LN0011547,0.8529,1
LN0008612,0.08,0
LN0002034,0.7057,1
LN0006173,0.1107,0
LN0016371,0.4522,0
LN0007520,0.8648,1
LN0004965,0.0327,0
LN0012942,0.2369,0
LN0010059,0.2739,0
LN0016851,0.1874,0
LN0017542,0.9906,1
LN0006592,0.9945,1
LN0013528,0.042,0
LN0000662,0.968,1
LN0008860,0.1342,0
LN0013110,0.0943,0
LN0005751,0.2066,0
LN0016205,0.3855,0
LN0001908,0.0599,0
LN0015818,0.9424,1
LN0000877,0.1037,0
LN0004883,0.2206,0
LN0013775,0.5489,0
LN0001022,0.5446,0
LN0004471,0.9623,1
LN0005809,0.0648,0
LN0016083,0.1129,0
LN0002600,0.0487,0
LN0013238,0.1117,0
LN0008849,0.3196,0
LN0012577,0.2955,0
LN0001623,0.1845,0
LN0003452,0.9984,1
LN0009492,0.1534,0
LN0011664,0.3522,0
LN0016645,0.2139,0
LN0001652,0.973,1
LN0010903,0.0453,0
LN0002530,0.2904,0
LN0013738,0.3437,0
LN0011685,0.7609,1
LN0006083,0.1238,0
LN0006894,0.7444,1
LN0009588,0.5448,0
LN0001590,0.0771,0
LN0006768,0.3879,0
LN0006069,0.4571,0
LN0015359,0.4234,0
LN0017473,0.2095,0
LN0008821,0.1003,0
LN0016216,0.0537,0
LN0009551,0.9917,1
LN0011084,0.8463,1
LN0002970,0.1058,0
LN0014037,0.0837,0
LN0004269,0.3911,0
LN0000828,0.2381,0
LN0004155,0.9724,1
LN0003944,0.1282,0
LN0006681,0.139,0
LN0015734,0.083,0
LN0010643,0.0404,0
LN0017033,0.9584,1
LN0014503,0.0349,0
LN0012798,0.1739,0
LN0004969,0.0749,0
LN0016424,0.498,0
LN0016940,0.9877,1
LN0016930,0.9653,1
LN0004859,0.9376,1
LN0000283,0.9564,1
LN0008245,0.026,0
LN0005037,0.1384,0
LN0003984,0.9997,1
LN0017809,0.4475,0
LN0016164,0.1358,0
LN0008739,0.1003,0
LN0003472,0.1089,0
LN0017083,0.3721,0
LN0000704,0.4887,0
LN0003343,0.1291,0
LN0004559,0.1422,0
LN0004361,0.3012,0
LN0012051,0.5862,0
LN0015751,0.1454,0
LN0017573,0.104,0
LN0016598,0.306,0
LN0005040,0.4454,0
LN0003082,0.5423,0
LN0008844,0.5089,0
LN0011949,0.0807,0
LN0009663,0.2379,0
LN0000359,0.9415,1
LN0001242,0.999,1
LN0009655,0.0703,0
LN0011895,0.528,0
LN0011830,0.0354,0
LN0004213,0.6735,1
LN0002431,0.1602,0
LN0013551,0.969,1
LN0002170,0.3907,0
LN0011928,0.1022,0
LN0000537,0.1226,0
LN0000667,0.1003,0
LN0012875,0.766,1
LN0007990,0.2357,0
LN0014760,0.4449,0
LN0011411,0.1326,0
LN0010103,0.1212,0
LN0017504,0.1633,0
LN0011031,0.0658,0
LN0004433,0.6518,1
LN0012756,0.4024,0
LN0003312,0.1,0
LN0000025,0.6958,1
LN0002180,0.2565,0
LN0012089,0.0763,0
LN0004577,0.4656,0
LN0007197,0.8482,1
LN0006630,0.9681,1
LN0005133,0.0732,0
LN0011427,0.386,0
LN0012764,0.091,0
LN0010486,0.4234,0
LN0011884,0.9984,1
LN0013184,0.047,0
LN0007184,0.3768,0
LN0005440,0.9793,1
LN0001317,0.0301,0
LN0017556,0.6827,1
LN0004034,0.0927,0
LN0017413,0.102,0
LN0012016,0.3658,0
LN0010967,0.2051,0
LN0017210,0.1794,0
LN0010268,0.1324,0
LN0012176,0.1684,0
LN0006520,0.1143,0
LN0006155,0.2156,0
LN0005348,0.1809,0
LN0000805,0.0454,0
LN0000888,0.0477,0
LN0001751,0.5467,0
LN0002262,0.9734,1
LN0001305,0.1971,0
LN0005142,0.3231,0
LN0000720,0.8838,1
LN0005042,0.1219,0
LN0017568,0.185,0
LN0007562,0.0602,0
LN0009011,0.842,1
LN0006842,0.1309,0
LN0017395,0.4621,0
LN0000914,0.9842,1
LN0010686,0.2761,0
LN0000366,0.1031,0
LN0003253,0.3205,0
LN0002660,0.4316,0
LN0005828,0.133,0
LN0017047,0.9876,1
LN0016945,0.4396,0
LN0007194,0.1198,0
LN0006117,0.0782,0
LN0003301,0.2893,0
LN0000782,0.8944,1
LN0017817,0.2461,0
LN0001817,0.1113,0
LN0016453,0.9924,1
LN0014268,0.1952,0
LN0014435,0.115,0
LN0010760,0.385,0
LN0015636,0.9482,1
LN0000823,0.4477,0
LN0006377,0.3501,0
LN0015518,0.0875,0
LN0001185,0.174,0
LN0001568,0.0443,0
LN0008437,0.3922,0
LN0001152,0.4292,0
LN0017545,0.0793,0
LN0016781,0.086,0
LN0017309,0.7948,1
LN0007762,0.8416,1
LN0015951,0.5791,0
LN0001578,0.2002,0
LN0009701,0.8472,1
LN0000956,0.506,0
LN0008520,0.0368,0
LN0014816,0.1091,0
LN0011066,0.2172,0
LN0005540,0.3189,0
LN0001918,0.3231,0
LN0007569,0.1525,0
LN0002243,0.0859,0
LN0003431,0.0733,0
LN0002428,0.9998,1
LN0014607,0.5585,0
LN0003006,0.0796,0
LN0004791,0.1422,0
LN0004184,0.2077,0
LN0010136,0.1912,0
LN0017203,0.1343,0
LN0010683,0.932,1
LN0016828,0.1313,0
LN0011151,0.5883,0
LN0015592,0.1839,0
LN0000831,0.9472,1
LN0008175,0.3576,0
LN0005155,0.6663,1
LN0001343,0.9759,1
LN0008907,0.0726,0
LN0002531,0.8227,1
LN0009191,0.0885,0
LN0010826,0.0779,0
LN0000505,0.062,0
LN0009654,0.9674,1
LN0009399,0.5784,0
LN0016518,0.1555,0
LN0010853,0.1881,0
LN0014119,0.5528,0
LN0007612,0.1752,0
LN0005780,0.4915,0
LN0009908,0.8791,1
LN0006800,0.4249,0
LN0007858,0.0537,0
LN0007161,0.1753,0
LN0014044,0.2615,0
LN0014539,0.4021,0
LN0012691,0.2523,0
LN0012932,0.0615,0
LN0016740,0.7522,1
LN0011164,0.983,1
LN0001885,0.9652,1
LN0010965,0.7555,1
LN0016971,0.9994,1
LN0002444,0.0736,0
LN0017388,0.1412,0
LN0006447,0.1725,0
LN0007698,0.4984,0
LN0004838,0.0777,0
LN0017102,0.1632,0
LN0001103,0.7594,1
LN0009257,0.5307,0
LN0002097,0.0864,0
LN0004633,0.7089,1
LN0007065,0.982,1
LN0011415,0.1063,0
LN0010005,0.1452,0
LN0017135,0.065,0
LN0013950,0.6834,1
LN0009974,0.3405,0
LN0007351,0.1151,0
LN0002434,0.1045,0
LN0008707,0.988,1
LN0017620,0.4044,0
LN0012729,0.1572,0
LN0011552,0.0612,0
LN0001803,0.1121,0
LN0004233,0.4277,0
LN0002017,0.1553,0
LN0001518,0.3193,0
LN0010387,0.1238,0
LN0006475,0.098,0
LN0011262,0.1727,0
LN0010071,0.0948,0
LN0008600,0.7844,1
LN0006277,0.8813,1
LN0004259,0.7734,1
LN0004855,0.0914,0
LN0006925,0.2244,0
LN0008854,0.5888,0
LN0011616,0.9685,1
LN0008767,0.183,0
LN0003021,0.7036,1
LN0004977,0.4528,0
LN0012772,0.0688,0
LN0012782,0.4537,0
LN0003923,1.0,1
LN0009029,0.9997,1
LN0011658,0.0572,0
LN0017772,0.3165,0
LN0012501,0.1437,0
LN0001530,0.374,0
LN0011564,0.6061,0
LN0005161,0.9202,1
LN0002784,0.9315,1
LN0013705,0.453,0
LN0005411,0.6725,1
LN0016326,0.1025,0
LN0014173,0.0716,0
LN0011422,0.5221,0
LN0014296,0.0425,0
LN0017964,0.392,0
LN0007393,0.1435,0
LN0007215,0.7105,1
LN0001423,0.0541,0
LN0017760,0.3828,0
LN0012650,0.1026,0
LN0004579,0.9941,1
LN0008200,0.4584,0
LN0012015,0.3325,0
LN0014538,0.2206,0
LN0004645,0.106,0
LN0005608,0.0355,0
LN0015423,0.1682,0
LN0003555,0.7923,1
LN0016389,0.9997,1
LN0007790,0.5793,0
LN0002397,0.7797,1
LN0003641,0.9891,1
LN0004782,0.1148,0
LN0014552,0.1739,0
LN0005069,0.0517,0
LN0003907,0.4154,0
LN0006771,0.1459,0
LN0001899,0.9672,1
LN0011474,0.31,0
LN0004423,0.056,0
LN0015601,0.8592,1
LN0015149,0.4822,0
LN0000061,0.1244,0
LN0010522,0.954,1
LN0010245,0.2149,0
LN0013217,0.4737,0
LN0006230,0.1293,0
LN0017848,0.163,0
LN0001543,0.2732,0
LN0005890,0.9901,1
LN0016816,0.0509,0
LN0008503,0.0318,0
LN0007097,0.1259,0
LN0013468,0.1261,0
LN0007431,0.9714,1
LN0004947,0.1253,0
LN0002310,0.1612,0
LN0008579,0.1271,0
LN0015804,0.8466,1
LN0011516,0.1531,0
LN0003420,0.7317,1
LN0004115,0.6647,1
LN0011835,0.3343,0
LN0011281,0.3152,0
LN0002008,0.3589,0
LN0010431,0.2442,0
LN0013993,0.0772,0
LN0014559,0.1052,0
LN0008801,0.3921,0
LN0009087,0.1089,0
LN0007971,0.2199,0
LN0004617,0.9969,1
LN0012219,0.942,1
LN0012186,0.9287,1
LN0002080,0.5578,0
LN0001675,0.3042,0
LN0004362,0.8702,1
LN0015071,0.2461,0
LN0012090,0.2634,0
LN0007328,0.4563,0
LN0006920,0.1257,0
LN0015798,0.0748,0
LN0010721,0.4954,0
LN0009837,0.1189,0
LN0016634,0.3594,0
LN0010920,0.1669,0
LN0015910,0.2873,0
LN0009010,0.2546,0
LN0015079,0.1314,0
LN0005055,0.938,1
LN0001819,0.175,0
LN0014877,0.4502,0
LN0014370,0.0488,0
LN0006151,0.4364,0
LN0006784,0.03,0
LN0012655,0.1785,0
LN0005257,0.2215,0
LN0009425,0.0638,0
LN0007288,0.5793,0
LN0016108,0.0449,0
LN0004836,0.933,1
LN0006586,0.9999,1
LN0016897,0.5075,0
LN0005167,0.5677,0
LN0017159,0.1829,0
LN0007680,0.991,1
LN0005979,0.6949,1
LN0009866,0.1709,0
LN0005017,0.1856,0
LN0017141,0.7709,1
LN0002601,0.4769,0
LN0005074,0.1205,0
LN0013351,0.975,1
LN0004286,0.4166,0
LN0004729,0.1059,0
LN0007085,0.4841,0
LN0017896,0.7976,1
LN0014154,0.0548,0
LN0001404,0.1362,0
LN0004108,0.0857,0
LN0006208,0.147,0
LN0014352,0.4346,0
LN0014505,0.1355,0
LN0000989,0.1261,0
LN0017600,0.1374,0
LN0012476,0.107,0
LN0009597,0.5254,0
LN0008163,0.728,1
LN0004438,0.1848,0
LN0006982,0.2201,0
LN0006185,0.0289,0
LN0004796,0.0891,0
LN0003135,0.3392,0
LN0002117,0.0829,0
LN0012412,0.2461,0
LN0000149,0.0793,0
LN0017303,0.3773,0
LN0015737,0.9326,1
LN0014326,0.2702,0
LN0016480,0.0756,0
LN0017097,0.0821,0
LN0009284,0.3058,0
LN0009529,0.4425,0
LN0003073,0.9979,1
LN0003010,0.983,1
LN0011923,0.8158,1
LN0016366,0.1868,0
LN0014870,0.1903,0
LN0010922,0.5077,0
LN0011486,0.7971,1
LN0003268,0.4503,0
LN0006286,0.1944,0
LN0004524,0.9568,1
LN0012002,0.9779,1
LN0015159,0.24,0
LN0011203,0.1523,0
LN0003228,0.8048,1
LN0012884,0.3756,0
LN0013566,0.0311,0
LN0000993,0.2609,0
LN0004288,0.6271,1
LN0014726,0.79,1
LN0009638,0.7217,1
LN0001743,0.1413,0
LN0000728,0.1374,0
LN0014860,0.0241,0
LN0012097,0.07,0
LN0016564,0.1193,0
LN0005470,0.45,0
LN0008536,0.2238,0
LN0005868,0.2481,0
LN0004250,0.0656,0
LN0007267,0.0892,0
LN0011350,0.1462,0
LN0007219,0.4536,0
LN0013733,0.5283,0
LN0011050,0.9971,1
LN0012769,0.0916,0
LN0010817,0.1138,0
LN0002758,0.2854,0
LN0003477,0.417,0
LN0004596,0.9957,1
LN0011333,0.0606,0
LN0011315,0.3959,0
LN0013546,0.0803,0
LN0000188,0.13,0
LN0002296,0.1212,0
LN0009343,0.3894,0
LN0011756,0.1766,0
LN0016625,0.1847,0
LN0007630,0.4192,0
LN0015521,0.4227,0
LN0017414,0.7409,1
LN0016469,0.1357,0
LN0016217,0.801,1
LN0001090,0.0442,0
LN0014090,0.4296,0
LN0007156,0.9636,1
LN0017734,0.5493,0
LN0015125,0.8286,1
LN0003611,0.0728,0
LN0017730,0.0972,0
LN0005391,0.2795,0
LN0011139,0.084,0
LN0001381,0.9767,1
LN0009848,0.9999,1
LN0011701,0.1675,0
LN0010850,0.1477,0
LN0003303,0.1947,0
LN0016714,0.3173,0
LN0009216,0.4595,0
LN0014869,0.2096,0
LN0015527,0.5012,0
LN0012459,0.045,0
LN0007816,0.158,0
LN0009166,0.4457,0
LN0002498,0.8403,1
LN0016609,0.0422,0
LN0007571,0.5951,0
LN0010627,0.3214,0
LN0016179,0.1102,0
LN0001390,0.205,0
LN0011384,0.3996,0
LN0002160,0.0586,0
LN0015708,0.5645,0
LN0000424,0.1798,0
LN0011016,0.252,0
LN0016780,0.1678,0
LN0007897,0.0737,0
LN0004212,0.5231,0
LN0009798,0.1234,0
LN0016893,0.325,0
LN0010555,0.3542,0
LN0013519,0.1633,0
LN0009561,0.7268,1
LN0002662,0.1539,0
LN0002024,0.9916,1
LN0009945,0.6033,0
LN0001525,0.1883,0
LN0007166,0.1201,0
LN0008387,0.4116,0
LN0017673,0.5386,0
LN0017847,0.2624,0
LN0002051,0.7089,1
LN0003737,0.0917,0
LN0003327,0.2769,0
LN0011871,0.1393,0
LN0014953,0.6455,1
LN0013117,0.1868,0
LN0016621,0.0693,0
LN0014171,0.9625,1
LN0010758,0.1036,0
LN0002461,0.0886,0
LN0008895,0.4784,0
LN0004797,0.0362,0
LN0003825,0.6632,1
LN0016959,0.1399,0
LN0015618,0.3331,0
LN0007053,0.1319,0
LN0016921,0.5271,0
LN0000437,0.2134,0
LN0000050,0.555,0
LN0005076,0.1078,0
LN0016087,0.0762,0
LN0007124,0.4609,0
LN0000770,0.092,0
LN0006057,0.0551,0
LN0004215,0.8177,1
LN0010823,0.5475,0
LN0010790,0.1293,0
LN0000947,0.3669,0
LN0007070,0.1285,0
LN0007824,0.0263,0
LN0007305,0.1014,0
LN0013123,0.9276,1
LN0002811,0.5719,0
LN0002308,0.0819,0
LN0012722,0.1213,0
LN0006732,0.1462,0
LN0006749,0.3774,0
LN0011255,0.0865,0
LN0004911,0.2131,0
LN0011965,0.4137,0
LN0004359,0.4359,0
LN0004600,0.0934,0
LN0005902,0.0883,0
LN0012906,0.1213,0
LN0011862,0.0793,0
LN0004777,0.4291,0
LN0007779,0.2272,0
LN0014263,0.3264,0
LN0017263,0.9829,1
LN0002495,0.0966,0
LN0002353,0.236,0
LN0005792,0.1618,0
LN0002643,0.1611,0
LN0015727,0.081,0
LN0000675,0.1053,0
LN0003424,0.1165,0
LN0003671,0.1431,0
LN0010381,0.0792,0
LN0005005,0.2779,0
LN0015030,0.0462,0
LN0009608,0.078,0
LN0008211,0.0521,0
LN0003364,0.1908,0
LN0007980,0.0977,0
LN0009131,0.0595,0
LN0007694,0.6992,1
LN0001249,0.7666,1
LN0017265,0.8151,1
LN0000407,0.1563,0
LN0004810,0.2431,0
LN0005871,0.2266,0
LN0018000,0.201,0
LN0001038,0.3975,0
LN0005977,0.1957,0
LN0010984,0.9552,1
LN0006639,0.0925,0
LN0010659,0.2044,0
LN0013968,0.6924,1
LN0004889,0.4185,0
LN0005190,0.1922,0
LN0001520,0.3738,0
LN0003153,0.2354,0
LN0005233,0.3565,0
LN0001240,0.9938,1
LN0017480,0.0711,0
LN0007391,0.4278,0
LN0015153,0.971,1
LN0010184,0.6098,0
LN0001931,0.2142,0
LN0008476,0.0516,0
LN0015445,0.6496,1
LN0014299,0.0491,0
LN0007003,0.052,0
LN0010054,0.9766,1
LN0004317,0.1289,0
LN0000142,0.1473,0
LN0004432,0.5242,0
LN0011285,0.5562,0
LN0012612,0.1096,0
LN0012099,0.1074,0
LN0003638,0.9155,1
LN0005179,0.0752,0
LN0000776,0.9937,1
LN0010327,0.0709,0
LN0003645,0.149,0
LN0010749,0.1192,0
LN0008000,0.4723,0
LN0017628,0.2921,0
LN0015837,0.5687,0
LN0009557,0.0876,0
LN0016543,0.4496,0
LN0016390,0.1613,0
LN0000302,0.2704,0
LN0001856,0.7394,1
LN0008649,0.1736,0
LN0004998,0.6114,0
LN0012088,0.8461,1
LN0008703,0.9808,1
LN0000146,0.7493,1
LN0014684,0.2976,0
LN0007057,0.9959,1
LN0012961,0.2301,0
LN0004651,0.2674,0
LN0000207,0.5354,0
LN0001716,0.7821,1
LN0005657,0.4581,0
LN0008309,0.0854,0
LN0001827,0.988,1
LN0006709,0.1881,0
LN0016031,0.6722,1
LN0003739,0.0452,0
LN0014053,0.1484,0
LN0016201,0.0793,0
LN0013637,0.0931,0
LN0010809,0.724,1
LN0003720,0.1993,0
LN0011775,0.1358,0
LN0006472,0.2085,0
LN0010641,0.0438,0
LN0000794,0.2342,0
LN0013761,0.6372,1
LN0001368,0.4485,0
LN0007452,0.421,0
LN0015758,0.11,0
LN0017522,0.9935,1
LN0015732,0.2686,0
LN0008981,0.0801,0
LN0000190,0.4059,0
LN0004347,0.1006,0
LN0005127,0.29,0
LN0007044,0.2848,0
LN0016844,0.9984,1
LN0003295,0.0779,0
LN0015556,0.337,0
LN0010151,0.8488,1
LN0007178,0.8817,1
LN0001106,0.9212,1
LN0016964,0.0316,0
LN0016649,0.4007,0
LN0002625,0.6263,1
LN0009651,0.0421,0
LN0004856,0.5901,0
LN0011681,0.0998,0
LN0012929,0.2741,0
LN0005511,0.8134,1
LN0008054,0.5226,0
LN0005011,0.2192,0
LN0007358,0.2791,0
LN0012041,0.4466,0
LN0001135,0.2413,0
LN0005292,0.9879,1
LN0000227,0.7337,1
LN0015935,0.3683,0
LN0005496,0.4407,0
LN0005948,0.9478,1
LN0004942,0.1269,0
LN0006234,0.0757,0
LN0007010,0.0969,0
LN0002781,0.0839,0
LN0006705,0.4361,0
LN0013932,0.6018,0
LN0009457,0.8971,1
LN0001229,0.1271,0
LN0015368,0.831,1
LN0010321,0.0246,0
LN0005296,0.0665,0
LN0004893,0.0577,0
LN0015822,0.9834,1
LN0005893,0.9894,1
LN0003037,0.8711,1
LN0016157,0.0433,0
LN0014756,0.5875,0
LN0007545,0.0866,0
LN0014785,0.1195,0
LN0015443,0.1759,0
LN0004427,0.1675,0
LN0017313,0.285,0
LN0011499,0.1152,0
LN0011560,0.9939,1
LN0016944,0.3619,0
LN0006582,0.3256,0
LN0012830,0.9556,1
LN0016991,0.2079,0
LN0002045,0.1238,0
LN0015018,0.1476,0
LN0014423,0.458,0
LN0008498,0.0408,0
LN0012686,0.7185,1
LN0014070,0.6223,1
LN0015684,0.7097,1
LN0004201,0.0398,0
LN0009033,0.0566,0
LN0017639,0.9669,1
LN0008718,0.2876,0
LN0006094,0.9888,1
LN0002709,0.0862,0
LN0012848,0.1349,0
LN0015447,0.9992,1
LN0004179,0.5659,0
LN0008468,0.1869,0
LN0009062,0.1334,0
LN0009806,0.163,0
LN0006172,0.0495,0
LN0006116,0.3379,0
LN0001061,1.0,1
LN0001139,0.5279,0
LN0004597,0.1716,0
LN0000271,0.1001,0
LN0006466,0.9976,1
LN0006354,1.0,1
LN0009135,0.1405,0
LN0011133,0.0797,0
LN0009875,0.1022,0
LN0009313,0.1022,0
LN0010776,0.0727,0
LN0005790,0.0808,0
LN0006431,0.7964,1
LN0000449,0.3678,0
LN0008735,0.0679,0
LN0006100,0.9462,1
LN0002091,0.3289,0
LN0006676,0.024,0
LN0017780,0.9985,1
LN0014789,0.4693,0
LN0003597,0.2013,0
LN0015559,0.0385,0
LN0003731,0.0536,0
LN0009522,0.0782,0
LN0003441,0.3471,0
LN0001538,0.03,0
LN0014100,0.0814,0
LN0001280,0.4171,0
LN0004121,0.6705,1
LN0006611,0.054,0
LN0007561,0.3448,0
LN0017536,0.0665,0
LN0003157,0.9073,1
LN0007849,0.6479,1
LN0013067,0.1928,0
LN0007007,0.1816,0
LN0005601,0.057,0
LN0012237,0.9432,1
LN0012804,0.4004,0
LN0015290,0.9387,1
LN0007072,0.0433,0
LN0009890,0.0681,0
LN0008550,0.7333,1
LN0012420,0.6474,1
LN0000482,0.1188,0
LN0013122,0.3083,0
LN0005238,0.1047,0
LN0000235,0.8621,1
LN0000339,0.7579,1
LN0015088,0.0617,0
LN0001582,0.2281,0
LN0015333,0.0985,0
LN0003237,0.1657,0
LN0016095,0.1596,0
LN0005483,0.9086,1
LN0010519,0.6544,1
LN0006037,0.6574,1
LN0015549,0.987,1
LN0013674,0.3736,0
LN0009065,0.2151,0
LN0017686,0.3376,0
LN0007398,0.0938,0
LN0016676,0.9847,1
LN0003736,0.3726,0
LN0000542,0.9644,1
LN0015164,0.1148,0
LN0011363,0.1825,0
LN0011484,0.3219,0
LN0004847,0.8005,1
LN0015382,0.8976,1
LN0017949,0.507,0
LN0001850,0.2513,0
LN0010174,0.127,0
LN0015461,0.8756,1
LN0011436,0.126,0
LN0007006,0.0953,0
LN0006280,0.1806,0
LN0001379,0.9689,1
LN0010202,0.1916,0
LN0008562,0.0715,0
LN0006165,0.9655,1
LN0017469,0.0431,0
LN0010082,0.615,1
LN0004139,0.2172,0
LN0011594,0.151,0
LN0007962,0.1119,0
LN0005589,0.389,0
LN0016252,0.4913,0
LN0007952,0.0579,0
LN0000019,0.2266,0
LN0003811,0.0991,0
LN0001830,0.4707,0
LN0009068,0.3478,0
LN0011183,0.4741,0
LN0008968,0.0996,0
LN0016749,0.4956,0
LN0006125,0.8519,1
LN0013673,0.1983,0
LN0008783,0.4481,0
LN0013938,0.9556,1
LN0005321,0.1517,0
LN0014214,0.9938,1
LN0015150,0.1988,0
LN0008717,0.7047,1
LN0000847,0.0749,0
LN0009519,0.4012,0
LN0010751,0.7985,1
LN0015624,0.9111,1
LN0010017,0.9338,1
LN0012255,0.0891,0
LN0017910,0.3774,0
LN0004653,0.3032,0
LN0010034,0.3335,0
LN0017869,0.0487,0
LN0000964,0.3838,0
LN0014127,0.5005,0
LN0005416,0.071,0
LN0002344,0.4794,0
LN0006169,0.1145,0
LN0008017,0.9018,1
LN0001773,0.061,0
LN0012642,0.0407,0
LN0004567,0.8579,1
LN0001117,0.2283,0
LN0001253,0.9538,1
LN0006402,0.4549,0
LN0008149,0.9129,1
LN0014934,0.2487,0
LN0016726,0.1083,0
LN0011922,0.0658,0
LN0015273,0.1589,0
LN0002921,0.0349,0
LN0011017,0.0981,0
LN0007185,0.3095,0
LN0010259,0.3153,0
LN0012881,0.1568,0
LN0001876,0.22,0
LN0007565,0.1786,0
LN0008548,0.8644,1
LN0003901,0.9999,1
LN0005723,0.5615,0
LN0002659,0.287,0
LN0017694,0.4704,0
LN0017007,0.8818,1
LN0011261,0.8923,1
LN0006575,0.2371,0
LN0001752,0.1067,0
LN0013811,0.9948,1
LN0007639,0.8445,1
LN0014984,0.9601,1
LN0017914,0.6037,0
LN0006345,0.2847,0
LN0017430,0.326,0
LN0011755,0.0598,0
LN0001814,0.4111,0
LN0011692,0.9942,1
LN0010203,0.4754,0
LN0009447,0.1622,0
LN0004840,0.4847,0
LN0010986,0.6364,1
LN0017943,0.2554,0
LN0010832,0.8228,1
LN0000443,0.2006,0
LN0010196,0.0948,0
LN0005178,0.0693,0
LN0014192,0.2439,0
LN0010460,0.6618,1
LN0010153,0.0629,0
LN0009093,0.5096,0
LN0010860,0.0297,0
LN0014644,0.7574,1
LN0014061,0.8443,1
LN0006034,0.0763,0
LN0013430,0.0592,0
LN0011167,0.9952,1
LN0012988,0.1493,0
LN0016367,0.141,0
LN0004397,0.1528,0
LN0012133,0.177,0
LN0003369,0.4066,0
LN0005880,0.0865,0
LN0010349,0.1264,0
LN0003362,0.0956,0
LN0014485,0.1972,0
LN0001634,0.8121,1
LN0007046,0.3744,0
LN0014975,0.1621,0
LN0007159,0.9734,1
LN0009066,0.4045,0
LN0017352,0.0402,0
LN0003587,0.2699,0
LN0016198,0.8776,1
LN0010483,0.3663,0
LN0002258,0.9897,1
LN0004779,0.9889,1
LN0004980,0.9626,1
LN0017533,0.3579,0
LN0016776,0.2303,0
LN0007395,0.2318,0
LN0012338,0.916,1
LN0015968,0.3862,0
LN0003087,0.9929,1
LN0013948,0.3152,0
LN0005905,0.9958,1
LN0003601,0.0672,0
LN0003110,0.9513,1
LN0014917,0.1617,0
LN0009336,0.4245,0
LN0014076,0.1403,0
LN0008174,0.6076,0
LN0002995,0.2883,0
LN0014200,0.1009,0
LN0008111,0.7121,1
LN0013808,0.4691,0
LN0009796,0.3699,0
LN0011517,0.0955,0
LN0004584,0.0592,0
LN0013736,0.6847,1
LN0001479,0.1345,0
LN0007505,0.994,1
LN0013052,0.0757,0
LN0016871,0.0987,0
LN0002356,0.3139,0
LN0016342,0.1034,0
LN0011802,0.0205,0
LN0015673,0.1376,0
LN0009121,0.0999,0
LN0013871,0.999,1
LN0000779,0.1428,0
LN0015902,0.1114,0
LN0008161,0.1212,0
LN0008439,0.5512,0
LN0007419,0.637,1
LN0002455,0.3556,0
LN0005794,0.4478,0
LN0000126,0.1392,0
LN0002666,0.4581,0
LN0010917,0.1198,0
LN0015590,0.1221,0
LN0000769,0.0732,0
LN0015283,0.0914,0
LN0001410,0.6666,1
LN0001461,0.0568,0
LN0010579,0.3773,0
LN0015599,0.2989,0
LN0004494,0.2234,0
LN0001971,0.4103,0
LN0002990,0.0752,0
LN0013746,0.0999,0
LN0003973,0.0293,0
LN0005672,0.2804,0
LN0009861,0.9991,1
LN0015621,0.9942,1
LN0014425,0.3517,0
LN0005343,0.3951,0
LN0009891,0.1218,0
LN0016640,0.9983,1
LN0013833,0.0325,0
LN0009853,0.1713,0
LN0006494,0.4462,0
LN0010129,0.265,0
LN0015472,0.246,0
LN0008354,0.1298,0
LN0006565,0.1743,0
LN0011815,0.4078,0
LN0017200,0.9944,1
LN0006314,0.6681,1
LN0010562,0.0367,0
LN0005249,0.2539,0
LN0016775,0.3075,0
LN0012829,0.0794,0
LN0009349,0.7075,1
LN0000279,0.1534,0
LN0006939,0.0458,0
LN0000957,0.6223,1
LN0015884,0.3158,0
LN0006574,0.1155,0
LN0013829,0.9861,1
LN0017437,0.1055,0
LN0000385,0.0628,0
LN0012925,0.108,0
LN0009375,0.2335,0
LN0014116,0.0822,0
LN0012131,0.9853,1
LN0010725,0.4578,0
LN0008585,0.0226,0
LN0006050,0.14,0
LN0016484,0.0361,0
LN0011034,0.2429,0
LN0004714,0.8175,1
LN0001683,0.987,1
LN0006882,0.1816,0
LN0014469,0.113,0
LN0014401,0.2745,0
LN0009147,0.3191,0
LN0005753,0.1686,0
LN0007330,0.3563,0
LN0004539,0.2407,0
LN0013155,0.4775,0
LN0005566,0.1156,0
LN0012337,0.9991,1
LN0003988,0.6453,1
LN0001215,0.5339,0
LN0005342,0.0567,0
LN0003712,0.9906,1
LN0013026,0.9997,1
LN0015361,0.1021,0
LN0015262,0.6518,1
LN0002483,0.0293,0
LN0012339,0.2475,0
LN0007012,0.1616,0
LN0008473,0.9783,1
LN0001793,0.0628,0
LN0014949,0.4299,0
LN0006991,0.1449,0
LN0017147,0.9393,1
LN0003453,0.9734,1
LN0002050,0.6865,1
LN0014271,0.3501,0
LN0006901,0.0852,0
LN0002236,0.1656,0
LN0002279,0.575,0
LN0012957,0.1031,0
LN0008449,0.1598,0
LN0009687,0.3626,0
LN0000949,0.8579,1
LN0010083,0.9989,1
LN0013716,0.3395,0
LN0004676,0.7431,1
LN0000906,0.5031,0
LN0010518,0.9981,1
LN0008462,0.356,0
LN0008534,1.0,1
LN0002241,0.2043,0
LN0005846,0.3375,0
LN0011337,0.2861,0
LN0011739,0.2936,0
LN0003855,0.4173,0
LN0017247,0.8406,1
LN0010344,0.9509,1
LN0002173,0.0904,0
LN0015900,0.0633,0
LN0012667,0.0616,0
LN0012677,0.1115,0
LN0007527,0.6023,0
LN0011468,0.9486,1
LN0002591,0.2486,0
LN0017451,0.4876,0
LN0015733,0.2297,0
LN0000007,0.8445,1
LN0010436,0.1565,0
LN0017705,0.5709,0
LN0011591,0.1187,0
LN0015490,0.9991,1
LN0006164,0.3799,0
LN0001073,0.9848,1
LN0011945,0.103,0
LN0009389,0.3585,0
LN0006690,0.7654,1
LN0015591,0.1604,0
LN0011695,0.0787,0
LN0014164,0.9963,1
LN0006790,0.4586,0
LN0008042,0.4931,0
LN0012835,0.1416,0
LN0010162,0.5549,0
LN0013133,0.9653,1
LN0013569,0.1474,0
LN0006906,0.993,1
LN0014532,0.1678,0
LN0001180,0.9947,1
LN0003868,0.0954,0
LN0017587,0.0566,0
LN0015227,0.5563,0
LN0010838,0.1673,0
LN0006219,0.5099,0
LN0011799,0.5363,0
LN0012641,0.6217,1
LN0011838,0.1252,0
LN0017027,0.0674,0
LN0009785,0.3092,0
LN0008334,0.4941,0
LN0009409,0.9645,1
LN0000672,0.0469,0
LN0009496,0.2765,0
LN0004015,0.1143,0
LN0006470,0.4396,0
LN0008346,0.2623,0
LN0011778,0.1084,0
LN0004001,0.1612,0
LN0008390,0.2749,0
LN0007060,0.3538,0
LN0017464,0.3374,0
LN0017338,0.3062,0
LN0008101,0.7188,1
LN0009760,0.2168,0
LN0014204,0.0907,0
LN0007852,0.2919,0
LN0007425,0.0319,0
LN0014829,0.4152,0
LN0005987,0.0652,0
LN0006199,0.0451,0
LN0005745,0.1001,0
LN0016339,0.0535,0
LN0012252,0.0978,0
LN0006156,0.222,0
LN0002845,0.0995,0
LN0008836,0.5163,0
LN0002607,0.189,0
LN0011864,0.4968,0
LN0005777,0.532,0
LN0003803,0.3117,0
LN0006977,0.3803,0
LN0009260,0.98,1
LN0012064,0.5349,0
LN0001063,0.0801,0
LN0017554,0.9497,1
LN0009292,0.1115,0
LN0003763,0.0312,0
LN0013719,0.8956,1
LN0004874,0.8047,1
LN0001142,0.1199,0
LN0002721,0.0594,0
LN0011847,0.0775,0
LN0007401,0.0591,0
LN0012200,0.0751,0
LN0012179,0.9937,1
LN0015746,0.213,0
LN0010048,0.0832,0
LN0011398,0.09,0
LN0002633,0.1176,0
LN0002208,0.101,0
LN0013655,0.1887,0
LN0006738,0.0158,0
LN0012100,0.5608,0
LN0001125,0.1495,0
LN0006359,0.3071,0
LN0013369,0.1646,0
LN0003797,0.0663,0
LN0002480,0.6759,1
LN0006305,0.3198,0
LN0004209,0.2327,0
LN0014073,0.1992,0
LN0004749,0.0607,0
LN0000952,0.2157,0
LN0015620,0.0827,0
LN0001992,0.7846,1
LN0013820,0.9772,1
LN0007988,0.1158,0
LN0001121,0.0923,0
LN0017381,0.0247,0
LN0001647,0.1612,0
LN0003494,0.8188,1
LN0012867,0.0766,0
LN0014474,0.2081,0
LN0010410,0.9575,1
LN0006060,0.304,0
LN0015137,0.8633,1
LN0013490,0.2858,0
LN0002248,0.083,0
LN0005057,0.1005,0
LN0013704,0.0743,0
LN0008225,0.0952,0
LN0014136,0.17,0
LN0012766,0.1879,0
LN0013371,0.0907,0
LN0004532,0.9619,1
LN0014553,0.1199,0
LN0008589,0.0601,0
LN0005434,0.4374,0
LN0007332,0.2938,0
LN0002083,0.1474,0
LN0000023,0.9805,1
LN0015264,0.5667,0
LN0010323,0.5493,0
LN0010806,0.3438,0
LN0010556,0.8213,1
LN0015564,0.5885,0
LN0005952,0.7274,1
LN0012207,0.0928,0
LN0001628,0.8541,1
LN0013919,0.1094,0
LN0017572,0.5995,0
LN0002764,0.037,0
LN0003192,0.079,0
LN0015993,0.0635,0
LN0004159,0.3289,0
LN0009324,0.9865,1
LN0008506,0.7508,1
LN0007974,0.2759,0
LN0013729,0.4963,0
LN0000277,0.2286,0
LN0015151,0.8106,1
LN0015324,0.0674,0
LN0014750,0.7241,1
LN0009201,0.8272,1
LN0002766,0.3071,0
LN0009833,0.1713,0
LN0007617,0.9933,1
LN0003225,0.8713,1
LN0013423,0.1815,0
LN0002536,0.0893,0
LN0011535,0.1035,0
LN0007994,0.2159,0
LN0008556,0.0225,0
LN0014067,0.0585,0
LN0010801,0.1074,0
LN0003655,0.0691,0
LN0004498,0.2089,0
LN0001636,0.3153,0
LN0007595,0.7842,1
LN0015980,0.2186,0
LN0001172,0.4529,0
LN0012150,0.9108,1
LN0000148,0.1338,0
LN0010955,0.3305,0
LN0008989,0.0406,0
LN0017713,0.4726,0
LN0002473,0.0895,0
LN0002327,0.5754,0
LN0010056,0.9968,1
LN0001462,0.1268,0
LN0017878,0.5501,0
LN0010759,0.2707,0
LN0010875,0.3698,0
LN0016409,0.3482,0
LN0016245,0.9882,1
LN0012414,0.1135,0
LN0012952,0.4165,0
LN0015793,0.9188,1
LN0009161,0.4277,0
LN0004670,0.9984,1
LN0010615,0.0721,0
LN0006289,0.3323,0
LN0008784,0.6047,0
LN0017980,0.1344,0
LN0003457,0.1026,0
LN0006531,0.6419,1
LN0012558,0.1968,0
LN0017073,0.3963,0
LN0006239,0.6048,0
LN0003924,0.4628,0
LN0015450,0.0275,0
LN0002161,0.9958,1
LN0000772,0.104,0
LN0006589,0.8465,1
LN0001788,0.0317,0
LN0008790,0.5157,0
LN0016171,0.2257,0
LN0010279,0.2032,0
LN0005671,0.6855,1
LN0002337,0.053,0
LN0007227,0.2439,0
LN0014731,0.6156,1
LN0001239,0.853,1
LN0007645,0.3178,0
LN0007731,0.1792,0
LN0013141,0.1972,0
LN0014211,0.8181,1
LN0009006,0.0943,0
LN0011478,0.0674,0
LN0008568,0.0879,0
LN0012973,0.0662,0
LN0007312,0.1442,0
LN0008530,0.2135,0
LN0012330,0.1509,0
LN0001637,0.5314,0
LN0017660,0.1046,0
LN0001589,0.8411,1
LN0009784,0.5864,0
LN0009475,0.9899,1
LN0016310,0.6184,1
LN0017250,0.3623,0
LN0014020,0.1574,0
LN0004571,0.1698,0
LN0009763,0.4527,0
LN0007711,0.2356,0
LN0012892,0.2093,0
LN0007115,0.3551,0
LN0000629,0.3117,0
LN0016629,0.2179,0
LN0002011,0.9851,1
LN0009032,0.4278,0
LN0007652,0.9923,1
LN0000856,0.7901,1
LN0009715,0.2125,0
LN0017604,0.0755,0
LN0017507,0.7302,1
LN0004816,0.1616,0
LN0005038,0.1422,0
LN0008591,0.0869,0
LN0005833,0.1211,0
LN0014689,0.1289,0
LN0015384,0.4526,0
LN0016158,0.2963,0
LN0015278,0.0676,0
LN0000852,0.3161,0
LN0006357,0.995,1
LN0014217,0.1641,0
LN0003631,0.0607,0
LN0012151,0.0737,0
LN0016372,0.072,0
LN0012374,0.0878,0
LN0015957,0.9544,1
LN0005123,0.9931,1
LN0003454,0.4685,0
LN0016018,0.1329,0
LN0002366,0.9487,1
LN0015035,0.4652,0
LN0006660,0.1396,0
LN0014815,0.2671,0
LN0007240,0.1892,0
LN0003726,0.1538,0
LN0002556,0.7217,1
LN0010234,0.099,0
LN0007033,0.1523,0
LN0000696,0.254,0
LN0016713,0.2002,0
LN0009494,0.91,1
LN0017246,0.0883,0
LN0008593,0.3767,0
LN0002494,0.1943,0
LN0013270,0.2939,0
LN0005888,0.1367,0
LN0003766,0.0529,0
LN0013947,0.066,0
LN0002225,0.089,0
LN0008187,0.0825,0
LN0017261,0.8315,1
LN0014057,0.9656,1
LN0006382,0.0895,0
LN0006489,0.1717,0
LN0007549,0.1942,0
LN0010474,0.0929,0
LN0008156,0.2273,0
LN0013254,0.0416,0
LN0010596,0.4534,0
LN0002476,0.0998,0
LN0005487,0.076,0
LN0017426,0.2749,0
LN0002592,0.0733,0
LN0003808,0.3888,0
LN0009885,0.5396,0
LN0013886,0.2505,0
LN0003063,0.9698,1
LN0002574,0.6005,0
LN0016138,0.8106,1
LN0011595,0.9547,1
LN0014371,0.6278,1
LN0014043,0.8556,1
LN0010271,0.4792,0
LN0009883,0.959,1
LN0004544,0.1481,0
LN0009790,0.0798,0
LN0000202,0.0218,0
LN0012049,0.671,1
LN0009406,0.7298,1
LN0003757,0.6056,0
LN0011827,0.0934,0
LN0002223,0.2211,0
LN0012004,0.2708,0
LN0003138,0.0464,0
LN0015774,0.9684,1
LN0011836,0.2998,0
LN0015266,0.0703,0
LN0008788,0.042,0
LN0017796,0.0889,0
LN0006675,0.0779,0
LN0012061,0.2207,0
LN0009434,0.2349,0
LN0015084,0.0441,0
LN0016542,0.8423,1
LN0017499,0.0301,0
LN0017908,0.047,0
LN0003445,0.3418,0
LN0009132,0.1467,0
LN0015729,0.1142,0
LN0012145,0.0569,0
LN0012653,0.49,0
LN0008190,0.098,0
LN0014629,0.823,1
LN0006446,0.8558,1
LN0014374,0.901,1
LN0008429,0.3815,0
LN0004426,0.9618,1
LN0007168,0.0979,0
LN0017346,0.1401,0
LN0005261,0.0775,0
LN0010124,0.626,1
LN0013356,0.8983,1
LN0017162,0.0607,0
LN0017365,0.0884,0
LN0016611,0.0721,0
LN0016174,0.088,0
LN0005449,0.3452,0
LN0007341,0.1142,0
LN0015420,0.1255,0
LN0012814,0.3843,0
LN0015597,0.4529,0
LN0006708,0.0813,0
LN0017810,0.2036,0
LN0015989,0.1083,0
LN0009078,0.0858,0
LN0008634,0.162,0
LN0017527,0.1259,0
LN0012652,0.8695,1
LN0005656,0.9912,1
LN0015639,0.5064,0
LN0009502,0.055,0
LN0011868,0.579,0
LN0007930,0.0556,0
LN0007004,0.2169,0
LN0003605,0.9807,1
LN0003787,0.938,1
LN0015867,0.0855,0
LN0004089,0.3048,0
LN0005491,0.0571,0
LN0015115,0.2982,0
LN0004553,0.6359,1
LN0004659,0.2969,0
LN0013246,0.4529,0
LN0009014,0.0416,0
LN0000911,0.8167,1
LN0014052,0.17,0
LN0007422,0.1473,0
LN0009429,0.2818,0
LN0000236,0.4422,0
LN0004972,0.9973,1
LN0010493,0.2083,0
LN0015851,0.0518,0
LN0009541,0.0881,0
LN0017801,0.947,1
LN0010648,0.8052,1
LN0003171,0.2745,0
LN0010617,0.1898,0
LN0007738,0.1453,0
LN0004445,0.8029,1
LN0008074,0.2462,0
LN0009668,0.9975,1
LN0010588,0.9948,1
LN0007095,0.1935,0
LN0006295,0.0502,0
LN0011006,0.2159,0
LN0005103,0.0755,0
LN0017076,0.0386,0
LN0002369,0.1582,0
LN0009959,0.4555,0
LN0010016,0.1775,0
LN0008793,0.1286,0
LN0003831,0.1247,0
LN0004453,0.0521,0
LN0000817,0.9235,1
LN0013282,0.9195,1
LN0003832,0.0722,0
LN0013429,0.648,1
LN0017226,0.0421,0
LN0015439,1.0,1
LN0017645,0.9789,1
LN0009497,0.4913,0
LN0015217,0.9627,1
LN0007152,0.8348,1
LN0016978,0.2665,0
LN0016094,0.2939,0
LN0000988,0.1244,0
LN0010879,0.2136,0
LN0002191,0.2314,0
LN0007660,0.0542,0
LN0016033,0.132,0
LN0005775,0.8743,1
LN0010332,0.8282,1
LN0016330,0.1515,0
LN0002835,0.7076,1
LN0004638,0.5882,0
LN0014495,0.0926,0
LN0016831,0.0631,0
LN0009228,0.0728,0
LN0015363,0.8753,1
LN0007122,0.21,0
LN0007180,0.4647,0
LN0002385,0.0969,0
LN0016672,0.534,0
LN0005756,0.9954,1
LN0014383,0.493,0
LN0010443,0.1113,0
LN0014377,0.1487,0
LN0004264,0.6503,1
LN0000900,0.0421,0
LN0010102,0.1371,0
LN0002298,0.465,0
LN0001342,0.9921,1
LN0002439,0.1522,0
LN0001008,0.7492,1
LN0008896,0.2752,0
LN0003809,0.9991,1
LN0016061,0.9844,1
LN0016134,0.195,0
LN0004261,0.9299,1
LN0000493,0.9641,1
LN0011780,0.2243,0
LN0004495,0.0953,0
LN0013759,0.1588,0
LN0007100,0.1383,0
LN0000996,0.3679,0
LN0010693,0.7207,1
LN0007784,0.1055,0
LN0017189,0.2008,0
LN0004256,0.1108,0
LN0001947,0.5018,0
LN0006231,0.9308,1
LN0014803,0.8532,1
LN0013779,0.0276,0
LN0011426,0.7491,1
LN0011654,0.1637,0
LN0006184,0.3028,0
LN0004647,0.0535,0
LN0007806,0.9982,1
LN0015329,0.1077,0
LN0007940,0.0445,0
LN0008400,0.7472,1
LN0017911,0.1543,0
LN0010788,0.2365,0
LN0013852,0.3204,0
LN0009128,0.0292,0
LN0016226,0.3492,0
LN0001549,0.4562,0
LN0000594,0.8596,1
LN0004667,0.6742,1
LN0010272,0.9116,1
LN0004742,0.3715,0
LN0015313,0.0715,0
LN0016648,0.0628,0
LN0012288,0.052,0
LN0007381,0.485,0
LN0004350,0.9313,1
LN0016501,0.9386,1
LN0000113,0.9697,1
LN0011351,0.4222,0
LN0006711,0.4465,0
LN0008578,0.1494,0
LN0010602,0.9996,1
LN0002829,0.0892,0
LN0009243,0.985,1
LN0013152,0.1675,0
LN0001779,0.707,1
LN0014855,0.0561,0
LN0017436,0.2754,0
LN0001915,0.997,1
LN0004409,0.999,1
LN0000383,0.9873,1
LN0013661,0.9401,1
LN0009075,0.1303,0
LN0014317,0.1368,0
LN0010668,0.0462,0
LN0001208,0.8121,1
LN0016694,0.55,0
LN0001921,0.8903,1
LN0000923,0.08,0
LN0002199,0.0936,0
LN0017940,0.7486,1
LN0014872,0.9981,1
LN0013690,0.4854,0
LN0007354,0.2022,0
LN0003561,0.9755,1
LN0002177,0.4767,0
LN0005635,0.1354,0
LN0016199,0.8779,1
LN0009169,0.9637,1
LN0002429,0.0734,0
LN0015568,0.5979,0
LN0015806,0.0518,0
LN0013132,0.0587,0
LN0014003,0.0461,0
LN0002694,0.8501,1
LN0017891,0.6906,1
LN0014139,0.1244,0
LN0016515,0.6317,1
LN0017060,0.22,0
LN0010571,0.8516,1
LN0010041,0.1596,0
LN0002673,0.1445,0
LN0017816,0.3055,0
LN0005824,0.0633,0
LN0014483,0.5585,0
LN0006353,0.136,0
LN0003833,0.2416,0
LN0014566,0.0487,0
LN0003217,0.0606,0
LN0012380,0.5027,0
LN0014424,0.4886,0
LN0014556,0.889,1
LN0011308,0.8711,1
LN0010828,0.3816,0
LN0000530,0.1643,0
LN0010278,0.098,0
LN0003668,0.4935,0
LN0014140,0.5128,0
LN0002788,0.1756,0
LN0012279,0.1312,0
LN0014084,0.0411,0
LN0011781,0.9346,1
LN0012626,0.2168,0
LN0009111,0.2141,0
LN0001758,0.1242,0
LN0003250,0.1163,0
LN0006702,0.0918,0
LN0014568,0.5597,0
LN0016684,0.0973,0
LN0008805,0.1052,0
LN0007456,0.1883,0
LN0017774,0.2071,0
LN0006870,0.8423,1
LN0008059,0.9971,1
LN0008570,0.3449,0
LN0005856,0.1558,0
LN0010755,0.5121,0
LN0001160,0.1747,0
LN0003226,0.2039,0
LN0002131,0.0362,0
LN0002138,0.9861,1
LN0012778,0.207,0
LN0010029,0.1392,0
LN0010289,0.2754,0
LN0013453,0.3358,0
LN0014968,0.0495,0
LN0001501,0.2226,0
LN0011811,0.9107,1
LN0013410,0.8982,1
LN0011696,0.628,1
LN0016908,0.0553,0
LN0009328,0.0822,0
LN0006218,0.0558,0
LN0007598,0.1202,0
LN0002644,0.2622,0
LN0011239,0.1275,0
LN0001586,0.3478,0
LN0008715,0.1343,0
LN0000523,0.1483,0
LN0017724,0.7497,1
LN0010078,0.5287,0
LN0011667,0.1028,0
LN0006567,0.0608,0
LN0009659,0.0806,0
LN0003914,0.1299,0
LN0009334,0.3308,0
LN0011366,0.4969,0
LN0011334,0.6451,1
LN0016803,0.2722,0
LN0014413,0.0451,0
LN0014799,0.0944,0
LN0008259,0.0458,0
LN0003187,0.1915,0
LN0005277,0.2133,0
LN0017130,0.9037,1
LN0005798,0.2781,0
LN0005064,0.1608,0
LN0008928,0.6019,0
LN0001824,0.6852,1
LN0006797,0.1814,0
LN0001561,0.2754,0
LN0012110,0.9998,1
LN0001000,0.0306,0
LN0017377,0.437,0
LN0014190,0.1615,0
LN0001736,0.3123,0
LN0000375,0.9855,1
LN0003484,0.8861,1
LN0015711,0.1711,0
LN0010662,0.9945,1
LN0003552,0.0855,0
LN0000343,0.2246,0
LN0017950,0.3044,0
LN0011971,0.2248,0
LN0016911,0.1733,0
LN0010345,0.1348,0
LN0013297,0.2318,0
LN0013747,0.788,1
LN0015513,0.5002,0
LN0012876,0.4874,0
LN0001799,0.1887,0
LN0001674,0.7385,1
LN0017100,0.1034,0
LN0000452,0.4302,0
LN0010404,0.6504,1
LN0007903,0.0786,0
LN0005990,0.9994,1
LN0010744,0.3309,0
LN0009269,0.5715,0
LN0017951,0.1809,0
LN0015637,0.3747,0
LN0006469,0.2221,0
LN0011990,0.536,0
LN0007011,0.0766,0
LN0012146,0.7404,1
LN0012758,0.285,0
LN0007231,0.0931,0
LN0007867,0.3105,0
LN0002853,0.8689,1
LN0013320,0.0977,0
LN0002028,0.0962,0
LN0001930,0.8141,1
LN0013850,0.2102,0
LN0014900,0.1048,0
LN0015969,0.8238,1
LN0010189,0.1596,0
LN0010750,0.5945,0
LN0014838,0.9841,1
LN0008572,0.1532,0
LN0003714,0.0615,0
LN0005942,0.3,0
LN0011768,0.2129,0
LN0003055,0.9891,1
LN0008660,0.0836,0
LN0016349,0.9541,1
LN0004959,0.6628,1
LN0002093,0.0944,0
LN0013913,0.4257,0
LN0009263,0.8375,1
LN0015772,0.916,1
LN0008308,0.9386,1
LN0003174,0.0508,0
LN0017575,0.9946,1
LN0017277,0.0909,0
LN0001780,0.9996,1
LN0000540,0.0866,0
LN0013754,0.0994,0
LN0008683,0.2053,0
LN0003374,0.0394,0
LN0005773,0.744,1
LN0005686,0.0744,0
LN0006417,0.5107,0
LN0006646,0.9498,1
LN0007254,0.9808,1
LN0017378,0.0498,0
LN0001690,0.0775,0
LN0014603,0.8058,1
LN0015903,0.2275,0
LN0009589,0.7788,1
LN0005572,0.9041,1
LN0009102,0.1467,0
LN0017454,0.7491,1
LN0008633,1.0,1
LN0004006,0.7494,1
LN0001907,0.3932,0
LN0017195,0.5494,0
LN0014777,0.0683,0
LN0007910,0.8885,1
LN0014717,0.9949,1
LN0016708,0.9545,1
LN0002598,0.9154,1
LN0007928,0.4427,0
LN0009112,0.9999,1
LN0012969,0.8211,1
LN0017215,0.9935,1
LN0009716,0.3824,0
LN0007606,0.048,0
LN0015586,0.1919,0
LN0010341,0.2012,0
LN0017582,0.2277,0
LN0003490,0.4429,0
LN0002205,0.6314,1
LN0000392,0.7856,1
LN0012719,0.0756,0
LN0008003,0.9937,1
LN0009303,0.1358,0
LN0013319,0.9874,1
LN0009960,0.1764,0
LN0016148,0.0223,0
LN0004319,0.8434,1
LN0007951,0.0711,0
LN0001017,0.6872,1
LN0009803,0.269,0
LN0004663,0.1627,0
LN0007295,0.9346,1
LN0013630,0.7972,1
LN0000698,0.3163,0
LN0011529,0.9929,1
LN0011024,0.0988,0
LN0011394,0.7696,1
LN0013565,0.2986,0
LN0011917,0.1041,0
LN0012914,0.5307,0
LN0007322,0.0594,0
LN0017094,0.8034,1
LN0014865,0.3672,0
LN0016735,0.0849,0
LN0014850,0.0281,0
LN0011182,0.3818,0
LN0015853,0.173,0
LN0016791,0.0859,0
LN0009326,0.0785,0
LN0005963,0.1156,0
LN0002422,0.3684,0
LN0000175,0.1079,0
LN0002286,0.2994,0
LN0009742,0.0201,0
LN0011463,0.2347,0
LN0001059,0.9905,1
LN0005499,0.9016,1
LN0009199,0.3208,0
LN0009794,0.7252,1
LN0012384,0.0585,0
LN0005927,0.5887,0
LN0001131,0.0245,0
LN0009155,0.9387,1
LN0006872,0.0823,0
LN0007001,0.103,0
LN0013236,0.7121,1
LN0003437,0.1235,0
LN0007544,0.9963,1
LN0008134,0.0626,0
LN0001450,0.0524,0
LN0006535,0.0748,0
LN0009952,0.9833,1
LN0016980,0.3245,0
LN0001975,0.6172,1
LN0012744,0.3051,0
LN0016771,0.6448,1
LN0010113,0.5779,0
LN0012997,0.0485,0
LN0007155,0.9962,1
LN0015946,0.2998,0
LN0010351,0.1906,0
LN0017993,0.0953,0
LN0016652,0.7538,1
LN0012046,0.1748,0
LN0005234,0.1695,0
LN0010198,0.2431,0
LN0016922,0.8672,1
LN0017362,0.1053,0
LN0001482,0.1067,0
LN0014810,0.752,1
LN0016711,0.3118,0
LN0016612,0.1659,0
LN0005843,0.0606,0
LN0002661,0.2909,0
LN0008552,0.5756,0
LN0002558,0.0336,0
LN0014936,0.202,0
LN0017026,0.1151,0
LN0010887,0.1458,0
LN0011812,0.0697,0
LN0006029,0.377,0
LN0009370,0.3111,0
LN0000515,0.772,1
LN0016383,0.952,1
LN0006141,0.0973,0
LN0005056,0.2199,0
LN0010560,0.1256,0
LN0004758,0.0491,0
LN0012595,0.5292,0
LN0000233,0.9719,1
LN0014487,0.141,0
LN0017821,0.1574,0
LN0007032,0.11,0
LN0008906,0.0537,0
LN0017885,0.1657,0
LN0014358,0.5544,0
LN0012513,0.4967,0
LN0002876,0.5393,0
LN0004518,0.1929,0
LN0014997,0.0863,0
LN0005669,0.8662,1
LN0000295,0.9811,1
LN0007805,0.268,0
LN0010517,0.3167,0
LN0007148,0.9341,1
LN0003068,0.3036,0
LN0009525,0.123,0
LN0004136,0.3214,0
LN0004896,0.2042,0
LN0004643,0.4662,0
LN0005087,0.4297,0
LN0013965,0.118,0
LN0014444,0.1187,0
LN0004091,0.096,0
LN0006427,0.758,1
LN0017275,0.8937,1
LN0007369,0.9651,1
LN0013624,0.5263,0
LN0017967,0.073,0
LN0015476,0.4927,0
LN0001843,0.2399,0
LN0004556,0.676,1
LN0010146,0.4522,0
LN0002635,0.2267,0
LN0006318,0.7879,1
LN0011661,0.2826,0
LN0010553,0.1022,0
LN0002552,0.2782,0
LN0002744,0.5049,0
LN0005111,0.1517,0
LN0001987,0.6748,1
LN0006451,0.2357,0
LN0016719,0.1059,0
LN0010454,0.7256,1
LN0006008,0.2807,0
LN0012846,0.3105,0
LN0011874,0.1104,0
LN0000203,0.1947,0
LN0014491,0.9557,1
LN0010143,0.2696,0
LN0003557,0.9604,1
LN0004431,0.5548,0
LN0002965,0.5772,0
LN0010462,0.1724,0
LN0006739,0.1095,0
LN0006723,0.1442,0
LN0011852,0.3244,0
LN0014083,0.0809,0
LN0017923,0.0661,0
LN0010894,0.2019,0
LN0015960,0.1386,0
LN0017160,0.296,0
LN0016703,0.3721,0
LN0005694,0.4887,0
LN0012520,0.9965,1
LN0005755,0.2136,0
LN0004918,0.0679,0
LN0005783,0.7946,1
LN0017706,0.1932,0
LN0007264,0.069,0
LN0006053,0.1486,0
LN0010622,0.0766,0
LN0000156,0.3942,0
LN0014762,0.392,0
LN0010524,0.989,1
LN0008965,0.9937,1
LN0012298,0.7434,1
LN0005286,0.9973,1
LN0001498,0.3502,0
LN0014345,0.055,0
LN0016970,0.1071,0
LN0006820,0.0818,0
LN0005930,0.088,0
LN0010707,0.0806,0
LN0006789,0.2288,0
LN0011557,0.8471,1
LN0004854,0.1842,0
LN0015617,0.462,0
LN0015712,0.2922,0
LN0015817,0.1083,0
LN0007764,0.328,0
LN0005591,0.9926,1
LN0007366,0.2153,0
LN0003238,0.7486,1
LN0001937,0.2454,0
LN0000620,0.0995,0
LN0003244,0.9967,1
LN0001378,0.3085,0
LN0013412,0.1245,0
LN0002950,0.145,0
LN0016032,0.4697,0
LN0017372,0.6968,1
LN0015560,0.0616,0
LN0016631,0.8058,1
LN0010007,0.176,0
LN0001735,0.0732,0
LN0013482,0.8524,1
LN0004134,0.9578,1
LN0003677,0.2035,0
LN0017635,0.0485,0
LN0012872,0.1045,0
LN0017264,0.9876,1
LN0010897,0.1131,0
LN0001297,0.1362,0
LN0016209,0.0552,0
LN0015253,0.3873,0
LN0002703,0.1934,0
LN0004842,0.1147,0
LN0007902,0.9987,1
LN0015037,0.3127,0
LN0017900,0.9583,1
LN0008637,0.9383,1
LN0014597,0.4914,0
LN0003912,0.747,1
LN0008131,0.998,1
LN0008708,0.8276,1
LN0010936,0.0796,0
LN0009520,0.2867,0
LN0013560,0.1995,0
LN0001301,0.0511,0
LN0005912,0.0478,0
LN0006145,0.1033,0
LN0003745,0.0692,0
LN0014446,0.9963,1
LN0012168,0.5369,0
LN0006594,0.1336,0
LN0012542,0.3919,0
LN0003381,0.9297,1
LN0012503,0.6389,1
LN0005576,0.5125,0
LN0017743,1.0,1
LN0016322,0.8367,1
LN0004110,0.7169,1
LN0000083,0.0992,0
LN0006644,0.8919,1
LN0006772,0.3902,0
LN0002015,0.3402,0
LN0014572,0.9834,1
LN0012181,0.9038,1
LN0002801,0.1153,0
LN0012184,0.8087,1
LN0006550,0.0635,0
LN0013324,0.1148,0
LN0012331,0.1579,0
LN0004153,0.1362,0
LN0009818,0.3141,0
LN0004500,0.2794,0
LN0005451,0.5216,0
LN0006808,0.2884,0
LN0008089,0.1803,0
LN0005395,0.3347,0
LN0008039,0.0998,0
LN0013974,0.0626,0
LN0001475,0.115,0
LN0017779,0.7311,1
LN0004018,0.3268,0
LN0012599,0.0729,0
LN0014698,0.4519,0
LN0013032,0.0767,0
LN0010231,0.3538,0
LN0004704,0.3959,0
LN0009601,0.0609,0
LN0004938,0.5793,0
LN0000370,0.9535,1
LN0006242,0.6191,1
LN0013717,0.8927,1
LN0005680,0.9182,1
LN0010210,0.1445,0
LN0004168,0.1243,0
LN0000561,0.0645,0
LN0005623,0.1768,0
LN0011887,0.986,1
LN0010358,0.9951,1
LN0003684,0.0751,0
LN0013999,0.8333,1
LN0005593,0.3607,0
LN0001308,0.074,0
LN0006745,0.0612,0
LN0009912,0.0613,0
LN0012858,0.3233,0
LN0005424,0.1361,0
LN0015369,0.062,0
LN0016261,0.1179,0
LN0004967,0.682,1
LN0017288,0.1349,0
LN0014537,0.1061,0
LN0017124,0.0695,0
LN0005085,0.1013,0
LN0009299,0.9384,1
LN0001170,0.0813,0
LN0002006,0.4662,0
LN0015742,0.2387,0
LN0005052,0.301,0
LN0016449,0.4212,0
LN0013227,0.0811,0
LN0015228,0.1435,0
LN0013809,0.4016,0
LN0004364,0.4817,0
LN0008771,0.7151,1
LN0001197,0.9989,1
LN0011746,0.3254,0
LN0005417,0.1321,0
LN0003936,0.3851,0
LN0012907,0.0896,0
LN0016953,0.0947,0
LN0017733,0.1879,0
LN0011600,0.8817,1
LN0002497,0.1773,0
LN0017584,0.3025,0
LN0007058,0.9991,1
LN0016315,0.0801,0
LN0013194,0.9179,1
LN0007433,0.3386,0
LN0006433,0.0448,0
LN0006722,0.7037,1
LN0009583,0.1556,0
LN0008997,0.1981,0
LN0008176,0.4915,0
LN0007939,0.3075,0
LN0005375,0.3582,0
LN0008104,0.0409,0
