loan_id,default_prob,default_flag
LN0009468,0.12014897,0
LN0014847,0.060081776,0
LN0011993,0.13462657,0
LN0012068,0.35817835,0
LN0001934,0.58972675,0
LN0010729,0.6679659,1
LN0007719,0.6299751,1
LN0000664,0.07820497,0
LN0015709,0.18751746,0
LN0014647,0.08688026,0
LN0001763,0.058122728,0
LN0009347,0.25674894,0
LN0014355,0.050992876,0
LN0005960,0.80368125,1
LN0006092,0.09893379,0
LN0015097,0.7757278,1
LN0002768,0.9149306,1
LN0016313,0.18327796,0
LN0011108,0.20292842,0
LN0007532,0.0638089,0
LN0010094,0.11691771,0
LN0007993,0.9846629,1
LN0013280,0.06644809,0
LN0014967,0.90679026,1
LN0016422,0.20662549,0
LN0004649,0.42054978,0
LN0006548,0.07337135,0
LN0005907,0.9675012,1
LN0014035,0.10187466,0
LN0003702,0.075941995,0
LN0016196,0.30523652,0
LN0012783,0.50155944,0
LN0001940,0.1351555,0
LN0017689,0.9904862,1
LN0017133,0.11724861,0
LN0014578,0.8635555,1
LN0006539,0.43522334,0
LN0007522,0.1430775,0
LN0016580,0.4665884,0
LN0014706,0.9865595,1
LN0000860,0.06598201,0
LN0001853,0.08760861,0
LN0010614,0.14918375,0
LN0013836,0.84596485,1
LN0003840,0.28961596,0
LN0008229,0.080499716,0
LN0010396,0.0650229,0
LN0014235,0.37974355,0
LN0002968,0.15579791,0
LN0004929,0.12458543,0
LN0013077,0.077614784,0
LN0012147,0.6754077,1
LN0007428,0.5947458,0
LN0012821,0.37577012,0
LN0014819,0.462578,0
LN0001099,0.08399685,0
LN0000681,0.18692969,0
LN0001230,0.9641747,1
LN0006360,0.9902687,1
LN0005985,0.9796637,1
LN0017208,0.30849698,0
LN0016522,0.0357661,0
LN0005620,0.10314351,0
LN0008278,0.45019463,0
LN0000116,0.08920125,0
LN0010852,0.1902446,0
LN0002820,0.110451855,0
LN0001762,0.59383374,0
LN0015190,0.24329318,0
LN0001272,0.13560992,0
LN0016015,0.74427,1
LN0015335,0.99070376,1
LN0007981,0.48843533,0
LN0003319,0.14900044,0
LN0010542,0.33770263,0
LN0003201,0.05946477,0
LN0013157,0.09379894,0
LN0001811,0.8902392,1
LN0010774,0.37820524,0
LN0013183,0.7774077,1
LN0010705,0.1320168,0
LN0001377,0.087398864,0
LN0007578,0.3182901,0
LN0006556,0.60897166,0
LN0006986,0.04645288,0
LN0003169,0.91004664,1
LN0007813,0.08629067,0
LN0009107,0.057874847,0
LN0005998,0.45669985,0
LN0015633,0.38771808,0
LN0005537,0.6120161,0
LN0012286,0.26193762,0
LN0017334,0.98969483,1
LN0005662,0.83989304,1
LN0006372,0.15041333,0
LN0002720,0.75848526,1
LN0017603,0.0871622,0
LN0009204,0.83777523,1
LN0010868,0.91422045,1
LN0010214,0.35809392,0
LN0008183,0.9894984,1
LN0010694,0.9234849,1
LN0016550,0.09317513,0
LN0008988,0.04301521,0
LN0013225,0.1498396,0
LN0007871,0.39314017,0
LN0010696,0.068309166,0
LN0015941,0.12037064,0
LN0005436,0.27035007,0
LN0012556,0.45288566,0
LN0014237,0.9915195,1
LN0007191,0.24143526,0
LN0004496,0.96511745,1
LN0006343,0.16008939,0
LN0009079,0.15462649,0
LN0017720,0.23057735,0
LN0012809,0.061777897,0
LN0017872,0.9203963,1
LN0012450,0.054320145,0
LN0008502,0.9789258,1
LN0001970,0.122161865,0
LN0010757,0.33458757,0
LN0011042,0.074972376,0
LN0009278,0.16762322,0
LN0006990,0.3044281,0
LN0016704,0.46911892,0
LN0017202,0.97503996,1
LN0011054,0.059216797,0
LN0015824,0.116488785,0
LN0010181,0.8097115,1
LN0002870,0.52641207,0
LN0000206,0.8123464,1
LN0002812,0.08299459,0
LN0014367,0.54431844,0
LN0007923,0.32132664,0
LN0016132,0.06963507,0
LN0003744,0.102155976,0
LN0010423,0.06072403,0
LN0000127,0.13451704,0
LN0013795,0.55056036,0
LN0014292,0.9921326,1
LN0010527,0.32263348,0
LN0013870,0.9833191,1
LN0001268,0.08254042,0
LN0001257,0.07114999,0
LN0011684,0.6951248,1
LN0017196,0.12499729,0
LN0008598,0.39275768,0
LN0000581,0.13731648,0
LN0017310,0.22664413,0
LN0015730,0.6245986,1
LN0004341,0.30936098,0
LN0003691,0.9055683,1
LN0014026,0.48591742,0
LN0001829,0.84170324,1
LN0008839,0.9887189,1
LN0010572,0.10770169,0
LN0001168,0.14919886,0
LN0001926,0.7883752,1
LN0008554,0.46202546,0
LN0005570,0.71885306,1
LN0006571,0.43597767,0
LN0000588,0.14139324,0
LN0017074,0.3744027,0
LN0006375,0.35710368,0
LN0013723,0.12176739,0
LN0015965,0.9903015,1
LN0005819,0.55152184,0
LN0000079,0.90443546,1
LN0015148,0.53153735,0
LN0014811,0.21392626,0
LN0009822,0.36298367,0
LN0005725,0.048313767,0
LN0017984,0.16748081,0
LN0002762,0.9883887,1
LN0004073,0.2515215,0
LN0016610,0.12148892,0
LN0004560,0.17671208,0
LN0004778,0.3423366,0
LN0016758,0.41426894,0
LN0014232,0.95131207,1
LN0014687,0.27580702,0
LN0016504,0.09198677,0
LN0005627,0.21498717,0
LN0011590,0.15502699,0
LN0009915,0.44047862,0
LN0006133,0.33258572,0
LN0003554,0.7590984,1
LN0003332,0.7585301,1
LN0006440,0.36538354,0
LN0001020,0.12597737,0
LN0002290,0.11759534,0
LN0014765,0.40190718,0
LN0005094,0.04750436,0
LN0016282,0.89067966,1
LN0013987,0.099912845,0
LN0016794,0.070415914,0
LN0009340,0.11273564,0
LN0016786,0.21391673,0
LN0005760,0.16567568,0
LN0010168,0.36620486,0
LN0006275,0.38917586,0
LN0005935,0.21541592,0
LN0015771,0.10711439,0
LN0009703,0.9898263,1
LN0007080,0.9883031,1
LN0015440,0.06352355,0
LN0014574,0.04526562,0
LN0016521,0.05562556,0
LN0010315,0.15874071,0
LN0004737,0.48356384,0
LN0004301,0.17117126,0
LN0016850,0.38752103,0
LN0000405,0.32832885,0
LN0009224,0.46732223,0
LN0002072,0.23139042,0
LN0007209,0.80210334,1
LN0002724,0.7075052,1
LN0010489,0.118437394,0
LN0006341,0.18550304,0
LN0017930,0.09176099,0
LN0016358,0.8999087,1
LN0012317,0.9911226,1
LN0017857,0.102519974,0
LN0006566,0.050611775,0
LN0000153,0.25063765,0
LN0014294,0.056629416,0
LN0012836,0.18377827,0
LN0002425,0.9142141,1
LN0000483,0.39731407,0
LN0013068,0.21028654,0
LN0017155,0.2052001,0
LN0009558,0.9360651,1
LN0000781,0.12556791,0
LN0015505,0.8123858,1
LN0012936,0.28276837,0
LN0015879,0.05154567,0
LN0013944,0.18941446,0
LN0009767,0.2078301,0
LN0002377,0.0641685,0
LN0011719,0.07791943,0
LN0010508,0.13492592,0
LN0013418,0.06216423,0
LN0012735,0.12069406,0
LN0017312,0.060629442,0
LN0000527,0.16207664,0
LN0016563,0.9272253,1
LN0013365,0.7406401,1
LN0008812,0.19769938,0
LN0008809,0.3308407,0
LN0004613,0.70314145,1
LN0011175,0.20114714,0
LN0016028,0.94866025,1
LN0006296,0.9917955,1
LN0004612,0.9835528,1
LN0014722,0.1681558,0
LN0015508,0.2341361,0
LN0013071,0.910271,1
LN0016002,0.21374528,0
LN0004083,0.84273696,1
LN0010117,0.272038,0
LN0000632,0.4978933,0
LN0001313,0.09741396,0
LN0000771,0.06831665,0
LN0007379,0.33679467,0
LN0010182,0.91517544,1
LN0000191,0.13798971,0
LN0013411,0.9904503,1
LN0017991,0.22894055,0
LN0011443,0.07889218,0
LN0011197,0.9464269,1
LN0002218,0.9916021,1
LN0002503,0.13220897,0
LN0017742,0.9560513,1
LN0016334,0.8599347,1
LN0003569,0.43675372,0
LN0001344,0.75614846,1
LN0015209,0.2591788,0
LN0007575,0.9839669,1
LN0013860,0.23016895,0
LN0000661,0.21906732,0
LN0013425,0.13372104,0
LN0003710,0.81037325,1
LN0015038,0.27452374,0
LN0008366,0.15920864,0
LN0013105,0.69625974,1
LN0006255,0.80723464,1
LN0011223,0.06802296,0
LN0003842,0.75954187,1
LN0010574,0.13555507,0
LN0004876,0.29522187,0
LN0015258,0.84017795,1
LN0004196,0.7520533,1
LN0006603,0.35474047,0
LN0017641,0.12609349,0
LN0015943,0.7290237,1
LN0009969,0.8851075,1
LN0013538,0.44736752,0
LN0010739,0.23820859,0
LN0011898,0.121472426,0
LN0003241,0.19514932,0
LN0000090,0.06938449,0
LN0003331,0.9146844,1
LN0012238,0.13569395,0
LN0002196,0.09040287,0
LN0011172,0.33400884,0
LN0014711,0.07528362,0
LN0003864,0.9917719,1
LN0003628,0.98904747,1
LN0005645,0.17072733,0
LN0013823,0.5327891,0
LN0001995,0.44906002,0
LN0006410,0.9454829,1
LN0012678,0.63947886,1
LN0001241,0.7434592,1
LN0013396,0.5679669,0
LN0010654,0.32320616,0
LN0000286,0.10247314,0
LN0013728,0.07490023,0
LN0017020,0.06330726,0
LN0009581,0.08410662,0
LN0003278,0.07833805,0
LN0006564,0.9593071,1
LN0003675,0.8862238,1
LN0007658,0.3707162,0
LN0014287,0.058138512,0
LN0011623,0.0912661,0
LN0014290,0.06508473,0
LN0002963,0.37138337,0
LN0012395,0.2567885,0
LN0000259,0.07478075,0
LN0014821,0.96869063,1
LN0006512,0.3839327,0
LN0005312,0.27415523,0
LN0001357,0.120797895,0
LN0010545,0.83031476,1
LN0011169,0.15626362,0
LN0008838,0.12708585,0
LN0003293,0.22861388,0
LN0015539,0.6551879,1
LN0003728,0.10761163,0
LN0009440,0.08292878,0
LN0000930,0.18073368,0
LN0005443,0.24669999,0
LN0005778,0.17220774,0
LN0017593,0.068748325,0
LN0012156,0.2158668,0
LN0001760,0.25947946,0
LN0013172,0.19105151,0
LN0009765,0.09582817,0
LN0000854,0.68199104,1
LN0012189,0.31229058,0
LN0014415,0.5831086,0
LN0011716,0.8426312,1
LN0009753,0.9721459,1
LN0008842,0.9634531,1
LN0008113,0.095289245,0
LN0006997,0.18248375,0
LN0015043,0.23509033,0
LN0005727,0.5910418,0
LN0013914,0.10741553,0
LN0014179,0.05955152,0
LN0000413,0.09064717,0
LN0000615,0.6429217,1
LN0004832,0.809386,1
LN0016682,0.95822257,1
LN0009048,0.88422555,1
LN0005311,0.9012843,1
LN0015578,0.14065038,0
LN0004379,0.43893743,0
LN0003105,0.8975882,1
LN0010333,0.6450894,1
LN0009450,0.8837092,1
LN0011547,0.8746157,1
LN0008612,0.109835036,0
LN0002034,0.76682335,1
LN0006173,0.12382578,0
LN0016371,0.3484377,0
LN0007520,0.8898125,1
LN0004965,0.03640075,0
LN0012942,0.23759212,0
LN0010059,0.31417453,0
LN0016851,0.23481353,0
LN0017542,0.9803454,1
LN0006592,0.98699677,1
LN0013528,0.04824854,0
LN0000662,0.9713499,1
LN0008860,0.11052972,0
LN0013110,0.10800655,0
LN0005751,0.143913,0
LN0016205,0.3870021,0
LN0001908,0.06467035,0
LN0015818,0.93853754,1
LN0000877,0.09507644,0
LN0004883,0.12866856,0
LN0013775,0.50941885,0
LN0001022,0.5709644,0
LN0004471,0.9724063,1
LN0005809,0.13080062,0
LN0016083,0.12521106,0
LN0002600,0.06890776,0
LN0013238,0.057622932,0
LN0008849,0.31418175,0
LN0012577,0.2789278,0
LN0001623,0.21581069,0
LN0003452,0.989696,1
LN0009492,0.29576007,0
LN0011664,0.309735,0
LN0016645,0.2369478,0
LN0001652,0.97782075,1
LN0010903,0.0674527,0
LN0002530,0.48669574,0
LN0013738,0.27218908,0
LN0011685,0.6696527,1
LN0006083,0.13050836,0
LN0006894,0.8222193,1
LN0009588,0.64384466,1
LN0001590,0.07900595,0
LN0006768,0.28380325,0
LN0006069,0.48886678,0
LN0015359,0.47014484,0
LN0017473,0.2603159,0
LN0008821,0.071600266,0
LN0016216,0.058480855,0
LN0009551,0.9876695,1
LN0011084,0.8531524,1
LN0002970,0.08454273,0
LN0014037,0.10906036,0
LN0004269,0.41570094,0
LN0000828,0.13510905,0
LN0004155,0.9738445,1
LN0003944,0.11660178,0
LN0006681,0.0739485,0
LN0015734,0.081549376,0
LN0010643,0.06667003,0
LN0017033,0.9347573,1
LN0014503,0.04244793,0
LN0012798,0.18731639,0
LN0004969,0.1166118,0
LN0016424,0.5875653,0
LN0016940,0.95582384,1
LN0016930,0.9348785,1
LN0004859,0.9040559,1
LN0000283,0.95323217,1
LN0008245,0.041897405,0
LN0005037,0.15828937,0
LN0003984,0.9864739,1
LN0017809,0.4248862,0
LN0016164,0.20624804,0
LN0008739,0.10736105,0
LN0003472,0.0694369,0
LN0017083,0.5705884,0
LN0000704,0.5620121,0
LN0003343,0.11761102,0
LN0004559,0.07213283,0
LN0004361,0.38885,0
LN0012051,0.63912916,1
LN0015751,0.12637217,0
LN0017573,0.099003226,0
LN0016598,0.26911184,0
LN0005040,0.41263205,0
LN0003082,0.6487057,1
LN0008844,0.60272235,0
LN0011949,0.07309386,0
LN0009663,0.15769811,0
LN0000359,0.95493215,1
LN0001242,0.9874927,1
LN0009655,0.10044408,0
LN0011895,0.66861725,1
LN0011830,0.0595519,0
LN0004213,0.7877074,1
LN0002431,0.32521516,0
LN0013551,0.967816,1
LN0002170,0.30728257,0
LN0011928,0.060684487,0
LN0000537,0.101792976,0
LN0000667,0.09064382,0
LN0012875,0.7142099,1
LN0007990,0.34672514,0
LN0014760,0.32335937,0
LN0011411,0.075504154,0
LN0010103,0.108881414,0
LN0017504,0.13965234,0
LN0011031,0.08744329,0
LN0004433,0.6165134,1
LN0012756,0.44700953,0
LN0003312,0.107616976,0
LN0000025,0.6182836,1
LN0002180,0.2006673,0
LN0012089,0.087790705,0
LN0004577,0.5404035,0
LN0007197,0.85965735,1
LN0006630,0.93100166,1
LN0005133,0.10773013,0
LN0011427,0.56587976,0
LN0012764,0.06637157,0
LN0010486,0.46763328,0
LN0011884,0.9900831,1
LN0013184,0.042579852,0
LN0007184,0.4592969,0
LN0005440,0.95824754,1
LN0001317,0.028431753,0
LN0017556,0.7295608,1
LN0004034,0.0891435,0
LN0017413,0.07930415,0
LN0012016,0.32562524,0
LN0010967,0.16068304,0
LN0017210,0.22063445,0
LN0010268,0.17214842,0
LN0012176,0.16883641,0
LN0006520,0.12572715,0
LN0006155,0.23623033,0
LN0005348,0.2971315,0
LN0000805,0.060406826,0
LN0000888,0.10493199,0
LN0001751,0.62888587,1
LN0002262,0.9760727,1
LN0001305,0.32902676,0
LN0005142,0.3118912,0
LN0000720,0.8946897,1
LN0005042,0.16714019,0
LN0017568,0.15700503,0
LN0007562,0.07826557,0
LN0009011,0.81365216,1
LN0006842,0.06812617,0
LN0017395,0.4833524,0
LN0000914,0.9676002,1
LN0010686,0.19766685,0
LN0000366,0.10630147,0
LN0003253,0.36544904,0
LN0002660,0.42796785,0
LN0005828,0.1872964,0
LN0017047,0.98067,1
LN0016945,0.36076665,0
LN0007194,0.06409373,0
LN0006117,0.05932972,0
LN0003301,0.21453762,0
LN0000782,0.85354877,1
LN0017817,0.27317756,0
LN0001817,0.12043429,0
LN0016453,0.9764805,1
LN0014268,0.11374714,0
LN0014435,0.09805831,0
LN0010760,0.31526986,0
LN0015636,0.9253043,1
LN0000823,0.56354433,0
LN0006377,0.30040517,0
LN0015518,0.11759791,0
LN0001185,0.08132225,0
LN0001568,0.038023658,0
LN0008437,0.41398656,0
LN0001152,0.33022887,0
LN0017545,0.08173509,0
LN0016781,0.06930562,0
LN0017309,0.7271198,1
LN0007762,0.94181204,1
LN0015951,0.6773161,1
LN0001578,0.25110263,0
LN0009701,0.699359,1
LN0000956,0.5075907,0
LN0008520,0.06348433,0
LN0014816,0.1468277,0
LN0011066,0.17163919,0
LN0005540,0.3253112,0
LN0001918,0.34420732,0
LN0007569,0.18820888,0
LN0002243,0.06643186,0
LN0003431,0.06506517,0
LN0002428,0.9925809,1
LN0014607,0.6476233,1
LN0003006,0.08775826,0
LN0004791,0.16007917,0
LN0004184,0.32835758,0
LN0010136,0.21629578,0
LN0017203,0.16640693,0
LN0010683,0.9146677,1
LN0016828,0.12660004,0
LN0011151,0.6045384,0
LN0015592,0.27010006,0
LN0000831,0.9339006,1
LN0008175,0.27061078,0
LN0005155,0.74176115,1
LN0001343,0.97711617,1
LN0008907,0.08342777,0
LN0002531,0.883274,1
LN0009191,0.08340382,0
LN0010826,0.07225213,0
LN0000505,0.095807865,0
LN0009654,0.976684,1
LN0009399,0.5907273,0
LN0016518,0.101151064,0
LN0010853,0.1365537,0
LN0014119,0.5352073,0
LN0007612,0.25678644,0
LN0005780,0.43432653,0
LN0009908,0.807535,1
LN0006800,0.32676682,0
LN0007858,0.08768857,0
LN0007161,0.120400675,0
LN0014044,0.2582999,0
LN0014539,0.5526788,0
LN0012691,0.19355543,0
LN0012932,0.07105855,0
LN0016740,0.91534674,1
LN0011164,0.9734471,1
LN0001885,0.93970466,1
LN0010965,0.75936556,1
LN0016971,0.98294365,1
LN0002444,0.106718116,0
LN0017388,0.23524621,0
LN0006447,0.117931776,0
LN0007698,0.38095334,0
LN0004838,0.08434053,0
LN0017102,0.14921664,0
LN0001103,0.62277025,1
LN0009257,0.5244244,0
LN0002097,0.08091566,0
LN0004633,0.74731994,1
LN0007065,0.98093605,1
LN0011415,0.108486846,0
LN0010005,0.1617203,0
LN0017135,0.100386314,0
LN0013950,0.57618856,0
LN0009974,0.35967034,0
LN0007351,0.19133124,0
LN0002434,0.07366106,0
LN0008707,0.97869223,1
LN0017620,0.48010072,0
LN0012729,0.094890855,0
LN0011552,0.09745752,0
LN0001803,0.12455444,0
LN0004233,0.43134847,0
LN0002017,0.17207839,0
LN0001518,0.34476006,0
LN0010387,0.07263046,0
LN0006475,0.06603478,0
LN0011262,0.16300745,0
LN0010071,0.08643848,0
LN0008600,0.73402125,1
LN0006277,0.89383906,1
LN0004259,0.86512613,1
LN0004855,0.09080321,0
LN0006925,0.11295727,0
LN0008854,0.48142394,0
LN0011616,0.9620352,1
LN0008767,0.18971181,0
LN0003021,0.71454823,1
LN0004977,0.44478142,0
LN0012772,0.09142267,0
LN0012782,0.46153712,0
LN0003923,0.9888737,1
LN0009029,0.9876995,1
LN0011658,0.07368761,0
LN0017772,0.24093503,0
LN0012501,0.109985776,0
LN0001530,0.5010414,0
LN0011564,0.6079898,0
LN0005161,0.90879416,1
LN0002784,0.88696843,1
LN0013705,0.36914653,0
LN0005411,0.7866542,1
LN0016326,0.09079253,0
LN0014173,0.053375892,0
LN0011422,0.55655605,0
LN0014296,0.05098847,0
LN0017964,0.34389022,0
LN0007393,0.08596104,0
LN0007215,0.6002209,0
LN0001423,0.10077768,0
LN0017760,0.30385408,0
LN0012650,0.109028235,0
LN0004579,0.9903895,1
LN0008200,0.5043175,0
LN0012015,0.55735976,0
LN0014538,0.2175037,0
LN0004645,0.2253419,0
LN0005608,0.03620865,0
LN0015423,0.104999356,0
LN0003555,0.7916878,1
LN0016389,0.9891606,1
LN0007790,0.71641475,1
LN0002397,0.6792741,1
LN0003641,0.9899094,1
LN0004782,0.19163445,0
LN0014552,0.14523362,0
LN0005069,0.070782825,0
LN0003907,0.42752177,0
LN0006771,0.12687282,0
LN0001899,0.9438632,1
LN0011474,0.2426991,0
LN0004423,0.065255046,0
LN0015601,0.90929914,1
LN0015149,0.36413833,0
LN0000061,0.10296154,0
LN0010522,0.9645957,1
LN0010245,0.35858718,0
LN0013217,0.50601083,0
LN0006230,0.15135081,0
LN0017848,0.19138807,0
LN0001543,0.5006124,0
LN0005890,0.9858614,1
LN0016816,0.06338112,0
LN0008503,0.06369368,0
LN0007097,0.06960707,0
LN0013468,0.17726678,0
LN0007431,0.9724715,1
LN0004947,0.14877951,0
LN0002310,0.13061504,0
LN0008579,0.080146536,0
LN0015804,0.8316445,1
LN0011516,0.083449274,0
LN0003420,0.8379312,1
LN0004115,0.7873684,1
LN0011835,0.34605864,0
LN0011281,0.3903076,0
LN0002008,0.36167982,0
LN0010431,0.19832192,0
LN0013993,0.13076258,0
LN0014559,0.09406459,0
LN0008801,0.4617278,0
LN0009087,0.1299642,0
LN0007971,0.16602036,0
LN0004617,0.9886375,1
LN0012219,0.934731,1
LN0012186,0.94558585,1
LN0002080,0.53122133,0
LN0001675,0.3172555,0
LN0004362,0.87954485,1
LN0015071,0.123810895,0
LN0012090,0.25910008,0
LN0007328,0.4738185,0
LN0006920,0.15622076,0
LN0015798,0.04883424,0
LN0010721,0.39869523,0
LN0009837,0.11298659,0
LN0016634,0.38727862,0
LN0010920,0.15116668,0
LN0015910,0.4028797,0
LN0009010,0.20719603,0
LN0015079,0.14036506,0
LN0005055,0.928375,1
LN0001819,0.19758527,0
LN0014877,0.3052667,0
LN0014370,0.058407463,0
LN0006151,0.47098303,0
LN0006784,0.04959871,0
LN0012655,0.12663287,0
LN0005257,0.15408212,0
LN0009425,0.063117735,0
LN0007288,0.4655913,0
LN0016108,0.07250615,0
LN0004836,0.9211018,1
LN0006586,0.98732114,1
LN0016897,0.49320006,0
LN0005167,0.48232812,0
LN0017159,0.14232965,0
LN0007680,0.989678,1
LN0005979,0.57515055,0
LN0009866,0.1946767,0
LN0005017,0.13999893,0
LN0017141,0.6827341,1
LN0002601,0.49217275,0
LN0005074,0.08605015,0
LN0013351,0.97509176,1
LN0004286,0.545413,0
LN0004729,0.09786664,0
LN0007085,0.5050871,0
LN0017896,0.78277445,1
LN0014154,0.059519812,0
LN0001404,0.2162048,0
LN0004108,0.11763652,0
LN0006208,0.18002936,0
LN0014352,0.31259274,0
LN0014505,0.11557381,0
LN0000989,0.17228608,0
LN0017600,0.109549806,0
LN0012476,0.07072411,0
LN0009597,0.53026855,0
LN0008163,0.68500656,1
LN0004438,0.12426283,0
LN0006982,0.14460702,0
LN0006185,0.04262557,0
LN0004796,0.105360076,0
LN0003135,0.41957465,0
LN0002117,0.09766601,0
LN0012412,0.24870619,0
LN0000149,0.05506808,0
LN0017303,0.3778758,0
LN0015737,0.8980103,1
LN0014326,0.18350483,0
LN0016480,0.18437707,0
LN0017097,0.08181185,0
LN0009284,0.24648468,0
LN0009529,0.43470046,0
LN0003073,0.98125386,1
LN0003010,0.97871757,1
LN0011923,0.8678691,1
LN0016366,0.092176706,0
LN0014870,0.19769171,0
LN0010922,0.46903434,0
LN0011486,0.80317295,1
LN0003268,0.51314384,0
LN0006286,0.11064588,0
LN0004524,0.9703791,1
LN0012002,0.9737341,1
LN0015159,0.21092357,0
LN0011203,0.1422923,0
LN0003228,0.8489279,1
LN0012884,0.34391397,0
LN0013566,0.06937794,0
LN0000993,0.24448258,0
LN0004288,0.6519941,1
LN0014726,0.7562901,1
LN0009638,0.812387,1
LN0001743,0.12829755,0
LN0000728,0.24567306,0
LN0014860,0.04048304,0
LN0012097,0.04530602,0
LN0016564,0.1529591,0
LN0005470,0.47595274,0
LN0008536,0.17781867,0
LN0005868,0.45648223,0
LN0004250,0.063056745,0
LN0007267,0.09099341,0
LN0011350,0.13651475,0
LN0007219,0.5380915,0
LN0013733,0.63430643,1
LN0011050,0.9895536,1
LN0012769,0.08581743,0
LN0010817,0.08935728,0
LN0002758,0.25742212,0
LN0003477,0.33422133,0
LN0004596,0.99153554,1
LN0011333,0.07086282,0
LN0011315,0.29742473,0
LN0013546,0.051545855,0
LN0000188,0.18534276,0
LN0002296,0.08539922,0
LN0009343,0.4219322,0
LN0011756,0.12378523,0
LN0016625,0.20545799,0
LN0007630,0.4782596,0
LN0015521,0.44840527,0
LN0017414,0.8124724,1
LN0016469,0.11114498,0
LN0016217,0.7933063,1
LN0001090,0.060226742,0
LN0014090,0.5438388,0
LN0007156,0.9568062,1
LN0017734,0.4253878,0
LN0015125,0.79538345,1
LN0003611,0.08984015,0
LN0017730,0.10750283,0
LN0005391,0.23241715,0
LN0011139,0.07381685,0
LN0001381,0.9786205,1
LN0009848,0.9879467,1
LN0011701,0.0901013,0
LN0010850,0.113895826,0
LN0003303,0.20340814,0
LN0016714,0.4391318,0
LN0009216,0.29235384,0
LN0014869,0.15622307,0
LN0015527,0.3667484,0
LN0012459,0.07964026,0
LN0007816,0.1824829,0
LN0009166,0.45616817,0
LN0002498,0.8779618,1
LN0016609,0.07721882,0
LN0007571,0.5048416,0
LN0010627,0.3045324,0
LN0016179,0.073479444,0
LN0001390,0.14319234,0
LN0011384,0.36931774,0
LN0002160,0.052072234,0
LN0015708,0.61564404,1
LN0000424,0.0955151,0
LN0011016,0.30299264,0
LN0016780,0.1565946,0
LN0007897,0.09144352,0
LN0004212,0.53568333,0
LN0009798,0.10614155,0
LN0016893,0.29358897,0
LN0010555,0.57522917,0
LN0013519,0.26428068,0
LN0009561,0.71162933,1
LN0002662,0.1555165,0
LN0002024,0.99077785,1
LN0009945,0.5926741,0
LN0001525,0.123601526,0
LN0007166,0.07443801,0
LN0008387,0.29182538,0
LN0017673,0.6027979,0
LN0017847,0.14426424,0
LN0002051,0.5874321,0
LN0003737,0.071733125,0
LN0003327,0.1869239,0
LN0011871,0.14138624,0
LN0014953,0.6315292,1
LN0013117,0.20860057,0
LN0016621,0.06157067,0
LN0014171,0.9511065,1
LN0010758,0.1277951,0
LN0002461,0.17847444,0
LN0008895,0.54532593,0
LN0004797,0.040261492,0
LN0003825,0.6088075,0
LN0016959,0.095051005,0
LN0015618,0.45049027,0
LN0007053,0.10078831,0
LN0016921,0.47736016,0
LN0000437,0.20005018,0
LN0000050,0.51695,0
LN0005076,0.10057897,0
LN0016087,0.09726857,0
LN0007124,0.578263,0
LN0000770,0.13512635,0
LN0006057,0.077116646,0
LN0004215,0.73283964,1
LN0010823,0.47832447,0
LN0010790,0.10732844,0
LN0000947,0.37098587,0
LN0007070,0.1037469,0
LN0007824,0.04936683,0
LN0007305,0.07775714,0
LN0013123,0.92397773,1
LN0002811,0.39654416,0
LN0002308,0.06958713,0
LN0012722,0.16615707,0
LN0006732,0.14633264,0
LN0006749,0.34634593,0
LN0011255,0.11674757,0
LN0004911,0.30862042,0
LN0011965,0.30180103,0
LN0004359,0.40317163,0
LN0004600,0.07816352,0
LN0005902,0.10890425,0
LN0012906,0.1773967,0
LN0011862,0.07226976,0
LN0004777,0.40152526,0
LN0007779,0.20356663,0
LN0014263,0.33145583,0
LN0017263,0.9713983,1
LN0002495,0.050667588,0
LN0002353,0.28832313,0
LN0005792,0.19808352,0
LN0002643,0.22396281,0
LN0015727,0.10912443,0
LN0000675,0.08285155,0
LN0003424,0.14347291,0
LN0003671,0.10578135,0
LN0010381,0.09947231,0
LN0005005,0.24384184,0
LN0015030,0.076663375,0
LN0009608,0.087470144,0
LN0008211,0.09655241,0
LN0003364,0.15639499,0
LN0007980,0.088299885,0
LN0009131,0.08825839,0
LN0007694,0.65567815,1
LN0001249,0.7875515,1
LN0017265,0.73757327,1
LN0000407,0.10805712,0
LN0004810,0.3371201,0
LN0005871,0.20591286,0
LN0018000,0.21929397,0
LN0001038,0.335402,0
LN0005977,0.14658505,0
LN0010984,0.9487528,1
LN0006639,0.13165149,0
LN0010659,0.15557915,0
LN0013968,0.62523365,1
LN0004889,0.34254926,0
LN0005190,0.20410116,0
LN0001520,0.42064506,0
LN0003153,0.19438817,0
LN0005233,0.44921333,0
LN0001240,0.98988986,1
LN0017480,0.069738075,0
LN0007391,0.23014554,0
LN0015153,0.97840935,1
LN0010184,0.6199216,1
LN0001931,0.24198864,0
LN0008476,0.04130699,0
LN0015445,0.42742378,0
LN0014299,0.07734523,0
LN0007003,0.06703052,0
LN0010054,0.9872608,1
LN0004317,0.09714586,0
LN0000142,0.12708358,0
LN0004432,0.56422675,0
LN0011285,0.6110953,0
LN0012612,0.1298726,0
LN0012099,0.14430802,0
LN0003638,0.9015836,1
LN0005179,0.06595129,0
LN0000776,0.9895766,1
LN0010327,0.07487146,0
LN0003645,0.15412165,0
LN0010749,0.10503599,0
LN0008000,0.5952128,0
LN0017628,0.23246646,0
LN0015837,0.4502178,0
LN0009557,0.11394545,0
LN0016543,0.30182537,0
LN0016390,0.121270776,0
LN0000302,0.47782892,0
LN0001856,0.7728733,1
LN0008649,0.2128711,0
LN0004998,0.69270754,1
LN0012088,0.74279684,1
LN0008703,0.945281,1
LN0000146,0.79515696,1
LN0014684,0.27013695,0
LN0007057,0.99106455,1
LN0012961,0.21373722,0
LN0004651,0.268089,0
LN0000207,0.40844917,0
LN0001716,0.8397235,1
LN0005657,0.5219795,0
LN0008309,0.07095577,0
LN0001827,0.97789735,1
LN0006709,0.1549668,0
LN0016031,0.5661861,0
LN0003739,0.036453113,0
LN0014053,0.109565176,0
LN0016201,0.07426034,0
LN0013637,0.08448661,0
LN0010809,0.5515083,0
LN0003720,0.28429124,0
LN0011775,0.15060435,0
LN0006472,0.12708539,0
LN0010641,0.06790104,0
LN0000794,0.28500062,0
LN0013761,0.7409771,1
LN0001368,0.35764062,0
LN0007452,0.47074118,0
LN0015758,0.09264905,0
LN0017522,0.99277264,1
LN0015732,0.2715676,0
LN0008981,0.076437384,0
LN0000190,0.45224348,0
LN0004347,0.06258287,0
LN0005127,0.26991102,0
LN0007044,0.13724868,0
LN0016844,0.98899776,1
LN0003295,0.10877473,0
LN0015556,0.36227143,0
LN0010151,0.826191,1
LN0007178,0.89451224,1
LN0001106,0.94827,1
LN0016964,0.053166345,0
LN0016649,0.31290084,0
LN0002625,0.66237307,1
LN0009651,0.08417836,0
LN0004856,0.65821946,1
LN0011681,0.061947696,0
LN0012929,0.24965376,0
LN0005511,0.82518995,1
LN0008054,0.60556066,0
LN0005011,0.14434451,0
LN0007358,0.18466277,0
LN0012041,0.25981382,0
LN0001135,0.2265596,0
LN0005292,0.97913456,1
LN0000227,0.7125811,1
LN0015935,0.29430935,0
LN0005496,0.5538673,0
LN0005948,0.9441963,1
LN0004942,0.13387506,0
LN0006234,0.06513138,0
LN0007010,0.050600898,0
LN0002781,0.11178515,0
LN0006705,0.49389052,0
LN0013932,0.45710146,0
LN0009457,0.95591474,1
LN0001229,0.16200356,0
LN0015368,0.8056209,1
LN0010321,0.042575274,0
LN0005296,0.10512896,0
LN0004893,0.09188136,0
LN0015822,0.9733478,1
LN0005893,0.9823163,1
LN0003037,0.8185708,1
LN0016157,0.05762754,0
LN0014756,0.6628463,1
LN0007545,0.11418346,0
LN0014785,0.10544354,0
LN0015443,0.108933456,0
LN0004427,0.22280331,0
LN0017313,0.26019245,0
LN0011499,0.13625613,0
LN0011560,0.99032766,1
LN0016944,0.30375814,0
LN0006582,0.22594252,0
LN0012830,0.9505189,1
LN0016991,0.18064006,0
LN0002045,0.10174751,0
LN0015018,0.18450959,0
LN0014423,0.5434611,0
LN0008498,0.07697966,0
LN0012686,0.52560925,0
LN0014070,0.52623093,0
LN0015684,0.74731815,1
LN0004201,0.053937744,0
LN0009033,0.07960142,0
LN0017639,0.9496932,1
LN0008718,0.31510046,0
LN0006094,0.9865025,1
LN0002709,0.062987946,0
LN0012848,0.10590089,0
LN0015447,0.99132335,1
LN0004179,0.45776865,0
LN0008468,0.33164707,0
LN0009062,0.12119736,0
LN0009806,0.14520252,0
LN0006172,0.06476446,0
LN0006116,0.2415242,0
LN0001061,0.9873941,1
LN0001139,0.49877834,0
LN0004597,0.16410221,0
LN0000271,0.13379823,0
LN0006466,0.9929442,1
LN0006354,0.9898767,1
LN0009135,0.10180278,0
LN0011133,0.10158842,0
LN0009875,0.07811016,0
LN0009313,0.09991885,0
LN0010776,0.07665905,0
LN0005790,0.04976898,0
LN0006431,0.6584508,1
LN0000449,0.4298805,0
LN0008735,0.06685295,0
LN0006100,0.9228787,1
LN0002091,0.21108302,0
LN0006676,0.05409241,0
LN0017780,0.9907397,1
LN0014789,0.45815364,0
LN0003597,0.1990791,0
LN0015559,0.03738825,0
LN0003731,0.08886203,0
LN0009522,0.0922545,0
LN0003441,0.3282633,0
LN0001538,0.033798147,0
LN0014100,0.062564865,0
LN0001280,0.42044115,0
LN0004121,0.69303155,1
LN0006611,0.06639834,0
LN0007561,0.25723565,0
LN0017536,0.07173249,0
LN0003157,0.93615973,1
LN0007849,0.57715416,0
LN0013067,0.14366224,0
LN0007007,0.18051633,0
LN0005601,0.044543035,0
LN0012237,0.9158172,1
LN0012804,0.4348574,0
LN0015290,0.9420182,1
LN0007072,0.071596034,0
LN0009890,0.07997919,0
LN0008550,0.6626342,1
LN0012420,0.5280266,0
LN0000482,0.08607682,0
LN0013122,0.27588633,0
LN0005238,0.07297221,0
LN0000235,0.8641392,1
LN0000339,0.7642287,1
LN0015088,0.04339646,0
LN0001582,0.1782607,0
LN0015333,0.07115019,0
LN0003237,0.20024276,0
LN0016095,0.23616153,0
LN0005483,0.91380507,1
LN0010519,0.56247836,0
LN0006037,0.62031543,1
LN0015549,0.9870269,1
LN0013674,0.37997192,0
LN0009065,0.22515729,0
LN0017686,0.20789817,0
LN0007398,0.10468758,0
LN0016676,0.9760938,1
LN0003736,0.2178356,0
LN0000542,0.9547689,1
LN0015164,0.10784803,0
LN0011363,0.13830495,0
LN0011484,0.33160037,0
LN0004847,0.7711284,1
LN0015382,0.9200094,1
LN0017949,0.5083406,0
LN0001850,0.23290385,0
LN0010174,0.119791284,0
LN0015461,0.8508084,1
LN0011436,0.16155446,0
LN0007006,0.06701665,0
LN0006280,0.16382642,0
LN0001379,0.9404016,1
LN0010202,0.21177505,0
LN0008562,0.13328083,0
LN0006165,0.9672486,1
LN0017469,0.07262866,0
LN0010082,0.4724832,0
LN0004139,0.19814275,0
LN0011594,0.08687249,0
LN0007962,0.097209945,0
LN0005589,0.29099432,0
LN0016252,0.32415536,0
LN0007952,0.048875187,0
LN0000019,0.15577798,0
LN0003811,0.09637686,0
LN0001830,0.4559468,0
LN0009068,0.3328854,0
LN0011183,0.520635,0
LN0008968,0.14585926,0
LN0016749,0.5297879,0
LN0006125,0.86013037,1
LN0013673,0.34558225,0
LN0008783,0.3119973,0
LN0013938,0.92421776,1
LN0005321,0.09156509,0
LN0014214,0.98601985,1
LN0015150,0.22087535,0
LN0008717,0.7001678,1
LN0000847,0.045243565,0
LN0009519,0.47966468,0
LN0010751,0.8458576,1
LN0015624,0.93646646,1
LN0010017,0.9456104,1
LN0012255,0.08899484,0
LN0017910,0.30260354,0
LN0004653,0.2720435,0
LN0010034,0.30248868,0
LN0017869,0.048888702,0
LN0000964,0.32999116,0
LN0014127,0.4612005,0
LN0005416,0.06400067,0
LN0002344,0.315757,0
LN0006169,0.07093457,0
LN0008017,0.90153533,1
LN0001773,0.099974506,0
LN0012642,0.10154287,0
LN0004567,0.8828963,1
LN0001117,0.1634132,0
LN0001253,0.95072955,1
LN0006402,0.30935454,0
LN0008149,0.9111642,1
LN0014934,0.13576171,0
LN0016726,0.17830545,0
LN0011922,0.09636338,0
LN0015273,0.1611389,0
LN0002921,0.0800813,0
LN0011017,0.13368334,0
LN0007185,0.19747263,0
LN0010259,0.22477877,0
LN0012881,0.10507455,0
LN0001876,0.27273998,0
LN0007565,0.30546677,0
LN0008548,0.891259,1
LN0003901,0.9894119,1
LN0005723,0.5634137,0
LN0002659,0.25279883,0
LN0017694,0.6361912,1
LN0017007,0.88232,1
LN0011261,0.9274802,1
LN0006575,0.42566642,0
LN0001752,0.096278794,0
LN0013811,0.9915963,1
LN0007639,0.7408989,1
LN0014984,0.9528543,1
LN0017914,0.6897496,1
LN0006345,0.28937232,0
LN0017430,0.23253848,0
LN0011755,0.051346667,0
LN0001814,0.23753233,0
LN0011692,0.99079937,1
LN0010203,0.51778245,0
LN0009447,0.19216596,0
LN0004840,0.4226436,0
LN0010986,0.6647836,1
LN0017943,0.30353338,0
LN0010832,0.8825738,1
LN0000443,0.21034071,0
LN0010196,0.06061056,0
LN0005178,0.05368401,0
LN0014192,0.39828527,0
LN0010460,0.6919626,1
LN0010153,0.061035465,0
LN0009093,0.59845823,0
LN0010860,0.05913027,0
LN0014644,0.72135144,1
LN0014061,0.8457457,1
LN0006034,0.040683676,0
LN0013430,0.10655275,0
LN0011167,0.9835564,1
LN0012988,0.14901967,0
LN0016367,0.07928966,0
LN0004397,0.120494485,0
LN0012133,0.2763376,0
LN0003369,0.3378156,0
LN0005880,0.14607069,0
LN0010349,0.1080651,0
LN0003362,0.08884191,0
LN0014485,0.22622667,0
LN0001634,0.7783487,1
LN0007046,0.3396058,0
LN0014975,0.21665306,0
LN0007159,0.9663597,1
LN0009066,0.37912256,0
LN0017352,0.047329705,0
LN0003587,0.29827374,0
LN0016198,0.87653977,1
LN0010483,0.42707214,0
LN0002258,0.98285216,1
LN0004779,0.9873956,1
LN0004980,0.9571088,1
LN0017533,0.26275745,0
LN0016776,0.24091998,0
LN0007395,0.1792792,0
LN0012338,0.90385056,1
LN0015968,0.42645445,0
LN0003087,0.9867389,1
LN0013948,0.37192166,0
LN0005905,0.99135333,1
LN0003601,0.06893522,0
LN0003110,0.9220558,1
LN0014917,0.18709272,0
LN0009336,0.36125344,0
LN0014076,0.13714182,0
LN0008174,0.5735127,0
LN0002995,0.28768712,0
LN0014200,0.12670803,0
LN0008111,0.68144715,1
LN0013808,0.5431186,0
LN0009796,0.32022944,0
LN0011517,0.13974304,0
LN0004584,0.06422305,0
LN0013736,0.71974665,1
LN0001479,0.10820715,0
LN0007505,0.98590195,1
LN0013052,0.07603713,0
LN0016871,0.07775906,0
LN0002356,0.300122,0
LN0016342,0.074299015,0
LN0011802,0.044063248,0
LN0015673,0.11555601,0
LN0009121,0.1576292,0
LN0013871,0.9904597,1
LN0000779,0.098023765,0
LN0015902,0.10133177,0
LN0008161,0.11176165,0
LN0008439,0.64185244,1
LN0007419,0.7405845,1
LN0002455,0.28502813,0
LN0005794,0.4321864,0
LN0000126,0.17074564,0
LN0002666,0.45670155,0
LN0010917,0.090371616,0
LN0015590,0.07140167,0
LN0000769,0.1285101,0
LN0015283,0.25681785,0
LN0001410,0.6233384,1
LN0001461,0.047164254,0
LN0010579,0.30413297,0
LN0015599,0.3263048,0
LN0004494,0.17521547,0
LN0001971,0.45666674,0
LN0002990,0.078643866,0
LN0013746,0.18549627,0
LN0003973,0.03752221,0
LN0005672,0.28394738,0
LN0009861,0.9892448,1
LN0015621,0.99221957,1
LN0014425,0.26232642,0
LN0005343,0.34073737,0
LN0009891,0.17141387,0
LN0016640,0.98944366,1
LN0013833,0.050236896,0
LN0009853,0.10727123,0
LN0006494,0.27196804,0
LN0010129,0.22310047,0
LN0015472,0.23009545,0
LN0008354,0.10071215,0
LN0006565,0.25755435,0
LN0011815,0.48447254,0
LN0017200,0.9902796,1
LN0006314,0.6756824,1
LN0010562,0.069529034,0
LN0005249,0.24665673,0
LN0016775,0.3489076,0
LN0012829,0.09947532,0
LN0009349,0.743441,1
LN0000279,0.14387004,0
LN0006939,0.054812193,0
LN0000957,0.82510805,1
LN0015884,0.20502922,0
LN0006574,0.113361605,0
LN0013829,0.9886157,1
LN0017437,0.09302791,0
LN0000385,0.08052127,0
LN0012925,0.06772981,0
LN0009375,0.22562206,0
LN0014116,0.100545734,0
LN0012131,0.98552346,1
LN0010725,0.43584904,0
LN0008585,0.049783777,0
LN0006050,0.19071475,0
LN0016484,0.05911673,0
LN0011034,0.12808542,0
LN0004714,0.7671741,1
LN0001683,0.9735757,1
LN0006882,0.14836855,0
LN0014469,0.065272436,0
LN0014401,0.22443466,0
LN0009147,0.39027223,0
LN0005753,0.12915064,0
LN0007330,0.3296724,0
LN0004539,0.14492384,0
LN0013155,0.5361743,0
LN0005566,0.19025557,0
LN0012337,0.9890999,1
LN0003988,0.6625424,1
LN0001215,0.5155393,0
LN0005342,0.07178253,0
LN0003712,0.9861967,1
LN0013026,0.98803174,1
LN0015361,0.106426366,0
LN0015262,0.7234831,1
LN0002483,0.04711663,0
LN0012339,0.29412568,0
LN0007012,0.09895913,0
LN0008473,0.975937,1
LN0001793,0.06577477,0
LN0014949,0.2859816,0
LN0006991,0.11997721,0
LN0017147,0.9423414,1
LN0003453,0.9490125,1
LN0002050,0.589002,0
LN0014271,0.37016428,0
LN0006901,0.092061095,0
LN0002236,0.12544699,0
LN0002279,0.5136491,0
LN0012957,0.05611037,0
LN0008449,0.14049181,0
LN0009687,0.2703346,0
LN0000949,0.8969354,1
LN0010083,0.990893,1
LN0013716,0.21094607,0
LN0004676,0.57962376,0
LN0000906,0.470703,0
LN0010518,0.99022233,1
LN0008462,0.24159735,0
LN0008534,0.9909548,1
LN0002241,0.18432647,0
LN0005846,0.35526687,0
LN0011337,0.36705142,0
LN0011739,0.13643256,0
LN0003855,0.54634655,0
LN0017247,0.77553755,1
LN0010344,0.91435516,1
LN0002173,0.15116069,0
LN0015900,0.06523688,0
LN0012667,0.056088705,0
LN0012677,0.100116104,0
LN0007527,0.68872225,1
LN0011468,0.9396417,1
LN0002591,0.13422674,0
LN0017451,0.44944102,0
LN0015733,0.29360002,0
LN0000007,0.91147184,1
LN0010436,0.13856144,0
LN0017705,0.6580108,1
LN0011591,0.07570342,0
LN0015490,0.98784655,1
LN0006164,0.46158645,0
LN0001073,0.9880542,1
LN0011945,0.10039736,0
LN0009389,0.3089317,0
LN0006690,0.6374698,1
LN0015591,0.110110275,0
LN0011695,0.11069444,0
LN0014164,0.988108,1
LN0006790,0.35460097,0
LN0008042,0.41084456,0
LN0012835,0.09403825,0
LN0010162,0.6942856,1
LN0013133,0.94072324,1
LN0013569,0.11107652,0
LN0006906,0.98992246,1
LN0014532,0.16367832,0
LN0001180,0.9830951,1
LN0003868,0.084760964,0
LN0017587,0.07353816,0
LN0015227,0.5332413,0
LN0010838,0.14419617,0
LN0006219,0.31541124,0
LN0011799,0.610317,0
LN0012641,0.58090067,0
LN0011838,0.093289085,0
LN0017027,0.07910332,0
LN0009785,0.39620697,0
LN0008334,0.47635275,0
LN0009409,0.96416426,1
LN0000672,0.06228341,0
LN0009496,0.436917,0
LN0004015,0.21630828,0
LN0006470,0.45222333,0
LN0008346,0.23170666,0
LN0011778,0.089172006,0
LN0004001,0.15906681,0
LN0008390,0.1583485,0
LN0007060,0.37051657,0
LN0017464,0.4519617,0
LN0017338,0.40260503,0
LN0008101,0.84029365,1
LN0009760,0.2347886,0
LN0014204,0.09162335,0
LN0007852,0.3231192,0
LN0007425,0.07579825,0
LN0014829,0.48913473,0
LN0005987,0.1024508,0
LN0006199,0.05745514,0
LN0005745,0.09004784,0
LN0016339,0.065855816,0
LN0012252,0.16746804,0
LN0006156,0.20530365,0
LN0002845,0.11586877,0
LN0008836,0.48625687,0
LN0002607,0.21895707,0
LN0011864,0.41000956,0
LN0005777,0.4866472,0
LN0003803,0.22554076,0
LN0006977,0.31402624,0
LN0009260,0.9803571,1
LN0012064,0.6016933,0
LN0001063,0.086806916,0
LN0017554,0.94142044,1
LN0009292,0.095863886,0
LN0003763,0.04426268,0
LN0013719,0.870573,1
LN0004874,0.81811714,1
LN0001142,0.13674691,0
LN0002721,0.052140433,0
LN0011847,0.07325289,0
LN0007401,0.06624369,0
LN0012200,0.103635855,0
LN0012179,0.9914819,1
LN0015746,0.3618664,0
LN0010048,0.08275344,0
LN0011398,0.19499616,0
LN0002633,0.1058769,0
LN0002208,0.12343006,0
LN0013655,0.19934878,0
LN0006738,0.049378376,0
LN0012100,0.45917407,0
LN0001125,0.1099347,0
LN0006359,0.35449308,0
LN0013369,0.06849615,0
LN0003797,0.09830023,0
LN0002480,0.7370074,1
LN0006305,0.27429977,0
LN0004209,0.10291929,0
LN0014073,0.1538781,0
LN0004749,0.06371966,0
LN0000952,0.2594732,0
LN0015620,0.09028789,0
LN0001992,0.8026159,1
LN0013820,0.9674606,1
LN0007988,0.11795916,0
LN0001121,0.08337823,0
LN0017381,0.04558697,0
LN0001647,0.15472953,0
LN0003494,0.88657886,1
LN0012867,0.07338108,0
LN0014474,0.1514229,0
LN0010410,0.95112354,1
LN0006060,0.31772494,0
LN0015137,0.84585303,1
LN0013490,0.25988522,0
LN0002248,0.096655294,0
LN0005057,0.09399432,0
LN0013704,0.08295168,0
LN0008225,0.05436044,0
LN0014136,0.09842717,0
LN0012766,0.16556954,0
LN0013371,0.054942045,0
LN0004532,0.9284555,1
LN0014553,0.09146447,0
LN0008589,0.071331024,0
LN0005434,0.40713197,0
LN0007332,0.4597294,0
LN0002083,0.16003159,0
LN0000023,0.9765539,1
LN0015264,0.5970697,0
LN0010323,0.46315983,0
LN0010806,0.21912058,0
LN0010556,0.91362274,1
LN0015564,0.71333116,1
LN0005952,0.7015483,1
LN0012207,0.12429662,0
LN0001628,0.89477634,1
LN0013919,0.1591405,0
LN0017572,0.7448329,1
LN0002764,0.055520803,0
LN0003192,0.15223338,0
LN0015993,0.068234704,0
LN0004159,0.44149324,0
LN0009324,0.97978365,1
LN0008506,0.6202066,1
LN0007974,0.27626467,0
LN0013729,0.4808834,0
LN0000277,0.29415163,0
LN0015151,0.8529572,1
LN0015324,0.06266045,0
LN0014750,0.7087519,1
LN0009201,0.69099927,1
LN0002766,0.24618597,0
LN0009833,0.13991778,0
LN0007617,0.9880867,1
LN0003225,0.9017042,1
LN0013423,0.19657916,0
LN0002536,0.072197266,0
LN0011535,0.114113405,0
LN0007994,0.16288498,0
LN0008556,0.0603774,0
LN0014067,0.12468433,0
LN0010801,0.08774072,0
LN0003655,0.05984589,0
LN0004498,0.17109868,0
LN0001636,0.22732434,0
LN0007595,0.82127374,1
LN0015980,0.15482166,0
LN0001172,0.5205334,0
LN0012150,0.8973755,1
LN0000148,0.11982044,0
LN0010955,0.2988653,0
LN0008989,0.05351175,0
LN0017713,0.6587466,1
LN0002473,0.08024168,0
LN0002327,0.68527424,1
LN0010056,0.9931733,1
LN0001462,0.07547427,0
LN0017878,0.49307302,0
LN0010759,0.25226197,0
LN0010875,0.45323658,0
LN0016409,0.2698086,0
LN0016245,0.98182386,1
LN0012414,0.10554683,0
LN0012952,0.54526705,0
LN0015793,0.9129966,1
LN0009161,0.43349406,0
LN0004670,0.98428947,1
LN0010615,0.062419847,0
LN0006289,0.51386654,0
LN0008784,0.47411436,0
LN0017980,0.15406784,0
LN0003457,0.14919491,0
LN0006531,0.65930384,1
LN0012558,0.18202497,0
LN0017073,0.34610826,0
LN0006239,0.4976393,0
LN0003924,0.46017382,0
LN0015450,0.05259167,0
LN0002161,0.99145097,1
LN0000772,0.09948469,0
LN0006589,0.80753255,1
LN0001788,0.0590785,0
LN0008790,0.47440502,0
LN0016171,0.26964155,0
LN0010279,0.21203697,0
LN0005671,0.63784784,1
LN0002337,0.065768406,0
LN0007227,0.18548498,0
LN0014731,0.7210189,1
LN0001239,0.8494351,1
LN0007645,0.21654806,0
LN0007731,0.16584404,0
LN0013141,0.119027056,0
LN0014211,0.92301697,1
LN0009006,0.08476007,0
LN0011478,0.108080305,0
LN0008568,0.09408926,0
LN0012973,0.105241746,0
LN0007312,0.1434132,0
LN0008530,0.22823359,0
LN0012330,0.062059004,0
LN0001637,0.4279501,0
LN0017660,0.120361954,0
LN0001589,0.91373986,1
LN0009784,0.59273183,0
LN0009475,0.97737724,1
LN0016310,0.50804245,0
LN0017250,0.29228985,0
LN0014020,0.2357346,0
LN0004571,0.21173443,0
LN0009763,0.5982574,0
LN0007711,0.21214397,0
LN0012892,0.1434796,0
LN0007115,0.29546276,0
LN0000629,0.5185577,0
LN0016629,0.095849924,0
LN0002011,0.98043996,1
LN0009032,0.36705965,0
LN0007652,0.97674644,1
LN0000856,0.6946904,1
LN0009715,0.277321,0
LN0017604,0.10705296,0
LN0017507,0.65661764,1
LN0004816,0.22372282,0
LN0005038,0.116441995,0
LN0008591,0.07280898,0
LN0005833,0.10358015,0
LN0014689,0.14546022,0
LN0015384,0.48678127,0
LN0016158,0.20210768,0
LN0015278,0.08618642,0
LN0000852,0.3746689,0
LN0006357,0.98887616,1
LN0014217,0.108618125,0
LN0003631,0.08487235,0
LN0012151,0.06292066,0
LN0016372,0.13512933,0
LN0012374,0.08439577,0
LN0015957,0.920683,1
LN0005123,0.9834684,1
LN0003454,0.63516563,1
LN0016018,0.116862305,0
LN0002366,0.95728666,1
LN0015035,0.47299895,0
LN0006660,0.11195416,0
LN0014815,0.48354208,0
LN0007240,0.14736438,0
LN0003726,0.056094173,0
LN0002556,0.6664758,1
LN0010234,0.11397731,0
LN0007033,0.11186357,0
LN0000696,0.15450788,0
LN0016713,0.107271925,0
LN0009494,0.8738066,1
LN0017246,0.20119557,0
LN0008593,0.49210137,0
LN0002494,0.17812197,0
LN0013270,0.36158147,0
LN0005888,0.1048146,0
LN0003766,0.07167263,0
LN0013947,0.06636792,0
LN0002225,0.09785237,0
LN0008187,0.070836805,0
LN0017261,0.7383812,1
LN0014057,0.95230854,1
LN0006382,0.10079592,0
LN0006489,0.2427189,0
LN0007549,0.15153441,0
LN0010474,0.11542758,0
LN0008156,0.26899558,0
LN0013254,0.056876615,0
LN0010596,0.30724007,0
LN0002476,0.09781289,0
LN0005487,0.06799345,0
LN0017426,0.2262634,0
LN0002592,0.05651913,0
LN0003808,0.20600541,0
LN0009885,0.37965494,0
LN0013886,0.26933834,0
LN0003063,0.9631764,1
LN0002574,0.56515795,0
LN0016138,0.5775489,0
LN0011595,0.9302976,1
LN0014371,0.7200536,1
LN0014043,0.731307,1
LN0010271,0.24471492,0
LN0009883,0.9675798,1
LN0004544,0.17631415,0
LN0009790,0.104148425,0
LN0000202,0.040606022,0
LN0012049,0.695257,1
LN0009406,0.71424764,1
LN0003757,0.6608922,1
LN0011827,0.08282659,0
LN0002223,0.22862114,0
LN0012004,0.14047013,0
LN0003138,0.089628816,0
LN0015774,0.9538847,1
LN0011836,0.20936593,0
LN0015266,0.06221548,0
LN0008788,0.07732735,0
LN0017796,0.063021064,0
LN0006675,0.10857429,0
LN0012061,0.19763106,0
LN0009434,0.17406139,0
LN0015084,0.08763316,0
LN0016542,0.8350942,1
LN0017499,0.046506852,0
LN0017908,0.066681944,0
LN0003445,0.30189908,0
LN0009132,0.12040582,0
LN0015729,0.12429829,0
LN0012145,0.055813868,0
LN0012653,0.5469259,0
LN0008190,0.086925045,0
LN0014629,0.8394731,1
LN0006446,0.8622197,1
LN0014374,0.8789019,1
LN0008429,0.36387545,0
LN0004426,0.95404494,1
LN0007168,0.10905118,0
LN0017346,0.10984834,0
LN0005261,0.077736095,0
LN0010124,0.7396885,1
LN0013356,0.8699561,1
LN0017162,0.08886013,0
LN0017365,0.08539287,0
LN0016611,0.11533493,0
LN0016174,0.1419406,0
LN0005449,0.31213057,0
LN0007341,0.12989175,0
LN0015420,0.13054074,0
LN0012814,0.26853782,0
LN0015597,0.4402173,0
LN0006708,0.10422277,0
LN0017810,0.17544259,0
LN0015989,0.10661452,0
LN0009078,0.060792908,0
LN0008634,0.12558594,0
LN0017527,0.191525,0
LN0012652,0.85072327,1
LN0005656,0.98056215,1
LN0015639,0.43303517,0
LN0009502,0.109068565,0
LN0011868,0.4208911,0
LN0007930,0.052978855,0
LN0007004,0.22045743,0
LN0003605,0.94477606,1
LN0003787,0.9680971,1
LN0015867,0.09650508,0
LN0004089,0.25546417,0
LN0005491,0.084334835,0
LN0015115,0.29797515,0
LN0004553,0.45340917,0
LN0004659,0.4265488,0
LN0013246,0.4329215,0
LN0009014,0.080000125,0
LN0000911,0.8978397,1
LN0014052,0.23953392,0
LN0007422,0.15759328,0
LN0009429,0.2290956,0
LN0000236,0.3576539,0
LN0004972,0.9897132,1
LN0010493,0.10797723,0
LN0015851,0.08709732,0
LN0009541,0.11719018,0
LN0017801,0.9030735,1
LN0010648,0.88940376,1
LN0003171,0.22426099,0
LN0010617,0.19484133,0
LN0007738,0.10808469,0
LN0004445,0.806394,1
LN0008074,0.20801196,0
LN0009668,0.98633444,1
LN0010588,0.990854,1
LN0007095,0.14938445,0
LN0006295,0.051938955,0
LN0011006,0.19617116,0
LN0005103,0.09351546,0
LN0017076,0.10018041,0
LN0002369,0.17104688,0
LN0009959,0.4442426,0
LN0010016,0.12939534,0
LN0008793,0.16556723,0
LN0003831,0.15384352,0
LN0004453,0.053319834,0
LN0000817,0.91123205,1
LN0013282,0.88718104,1
LN0003832,0.09338373,0
LN0013429,0.5767622,0
LN0017226,0.04489691,0
LN0015439,0.9899685,1
LN0017645,0.9771005,1
LN0009497,0.4503266,0
LN0015217,0.95660424,1
LN0007152,0.8832533,1
LN0016978,0.351867,0
LN0016094,0.39557233,0
LN0000988,0.11044825,0
LN0010879,0.2051866,0
LN0002191,0.20501739,0
LN0007660,0.0770664,0
LN0016033,0.08945981,0
LN0005775,0.9075122,1
LN0010332,0.81102604,1
LN0016330,0.15834136,0
LN0002835,0.6887396,1
LN0004638,0.56413126,0
LN0014495,0.13430558,0
LN0016831,0.12023994,0
LN0009228,0.23322766,0
LN0015363,0.87542236,1
LN0007122,0.17529906,0
LN0007180,0.4820516,0
LN0002385,0.106070384,0
LN0016672,0.5800251,0
LN0005756,0.96705383,1
LN0014383,0.49105367,0
LN0010443,0.13036366,0
LN0014377,0.10570989,0
LN0004264,0.6433674,1
LN0000900,0.071779415,0
LN0010102,0.1749919,0
LN0002298,0.43288562,0
LN0001342,0.984125,1
LN0002439,0.15750691,0
LN0001008,0.7983357,1
LN0008896,0.30369335,0
LN0003809,0.99053615,1
LN0016061,0.9826964,1
LN0016134,0.12529434,0
LN0004261,0.96163154,1
LN0000493,0.9505103,1
LN0011780,0.23231803,0
LN0004495,0.06672916,0
LN0013759,0.16409256,0
LN0007100,0.15965521,0
LN0000996,0.335152,0
LN0010693,0.7406153,1
LN0007784,0.08043379,0
LN0017189,0.12631011,0
LN0004256,0.112354,0
LN0001947,0.47182474,0
LN0006231,0.92741954,1
LN0014803,0.8503849,1
LN0013779,0.034035604,0
LN0011426,0.6409486,1
LN0011654,0.20255464,0
LN0006184,0.21147922,0
LN0004647,0.047446363,0
LN0007806,0.9876221,1
LN0015329,0.13550603,0
LN0007940,0.07541129,0
LN0008400,0.80254054,1
LN0017911,0.123718135,0
LN0010788,0.30050457,0
LN0013852,0.3486769,0
LN0009128,0.062418092,0
LN0016226,0.3379824,0
LN0001549,0.55017596,0
LN0000594,0.87620914,1
LN0004667,0.6554834,1
LN0010272,0.90669286,1
LN0004742,0.31007236,0
LN0015313,0.048973624,0
LN0016648,0.0797786,0
LN0012288,0.08420232,0
LN0007381,0.62342995,1
LN0004350,0.9158584,1
LN0016501,0.93180346,1
LN0000113,0.9754682,1
LN0011351,0.45762092,0
LN0006711,0.46483842,0
LN0008578,0.20639,0
LN0010602,0.98847175,1
LN0002829,0.08977278,0
LN0009243,0.9866895,1
LN0013152,0.19199848,0
LN0001779,0.7661853,1
LN0014855,0.09611439,0
LN0017436,0.20524056,0
LN0001915,0.99336046,1
LN0004409,0.98984617,1
LN0000383,0.9799066,1
LN0013661,0.927711,1
LN0009075,0.16922487,0
LN0014317,0.10235824,0
LN0010668,0.084005475,0
LN0001208,0.85542727,1
LN0016694,0.5480911,0
LN0001921,0.90755844,1
LN0000923,0.057777647,0
LN0002199,0.1323833,0
LN0017940,0.5945963,0
LN0014872,0.98949325,1
LN0013690,0.40679762,0
LN0007354,0.17175664,0
LN0003561,0.97278816,1
LN0002177,0.4795204,0
LN0005635,0.124536715,0
LN0016199,0.9002917,1
LN0009169,0.96596074,1
LN0002429,0.1137707,0
LN0015568,0.48023707,0
LN0015806,0.071709536,0
LN0013132,0.11438671,0
LN0014003,0.06267471,0
LN0002694,0.75431985,1
LN0017891,0.63970995,1
LN0014139,0.12959486,0
LN0016515,0.4631539,0
LN0017060,0.24539858,0
LN0010571,0.84715974,1
LN0010041,0.11805201,0
LN0002673,0.078559965,0
LN0017816,0.1247385,0
LN0005824,0.06741764,0
LN0014483,0.47584906,0
LN0006353,0.16849114,0
LN0003833,0.1394475,0
LN0014566,0.0608023,0
LN0003217,0.1063216,0
LN0012380,0.43080696,0
LN0014424,0.48677787,0
LN0014556,0.8792477,1
LN0011308,0.8657195,1
LN0010828,0.30258068,0
LN0000530,0.19102816,0
LN0010278,0.13198903,0
LN0003668,0.44951338,0
LN0014140,0.43440253,0
LN0002788,0.22629783,0
LN0012279,0.13634571,0
LN0014084,0.041171607,0
LN0011781,0.9509841,1
LN0012626,0.2124598,0
LN0009111,0.2232288,0
LN0001758,0.12088735,0
LN0003250,0.13713735,0
LN0006702,0.09440152,0
LN0014568,0.579327,0
LN0016684,0.08136524,0
LN0008805,0.12427945,0
LN0007456,0.20233351,0
LN0017774,0.18356268,0
LN0006870,0.78199273,1
LN0008059,0.991197,1
LN0008570,0.36560544,0
LN0005856,0.12334483,0
LN0010755,0.3581553,0
LN0001160,0.16699836,0
LN0003226,0.115115784,0
LN0002131,0.105016455,0
LN0002138,0.97956043,1
LN0012778,0.21616478,0
LN0010029,0.11698795,0
LN0010289,0.3080978,0
LN0013453,0.3247568,0
LN0014968,0.06034117,0
LN0001501,0.222661,0
LN0011811,0.898682,1
LN0013410,0.86623555,1
LN0011696,0.51964676,0
LN0016908,0.04199858,0
LN0009328,0.06612705,0
LN0006218,0.062350024,0
LN0007598,0.12480009,0
LN0002644,0.32811975,0
LN0011239,0.19878201,0
LN0001586,0.39439306,0
LN0008715,0.108911425,0
LN0000523,0.32683697,0
LN0017724,0.7029719,1
LN0010078,0.56354964,0
LN0011667,0.08083833,0
LN0006567,0.079474576,0
LN0009659,0.08006318,0
LN0003914,0.25086254,0
LN0009334,0.34810823,0
LN0011366,0.5359092,0
LN0011334,0.4921553,0
LN0016803,0.3723113,0
LN0014413,0.096187286,0
LN0014799,0.04284273,0
LN0008259,0.04147812,0
LN0003187,0.15257692,0
LN0005277,0.1553962,0
LN0017130,0.91872805,1
LN0005798,0.23925121,0
LN0005064,0.19632311,0
LN0008928,0.6006804,0
LN0001824,0.72707444,1
LN0006797,0.27687296,0
LN0001561,0.37368464,0
LN0012110,0.9908949,1
LN0001000,0.057985526,0
LN0017377,0.57137,0
LN0014190,0.23050939,0
LN0001736,0.23501483,0
LN0000375,0.98788434,1
LN0003484,0.8862368,1
LN0015711,0.17900997,0
LN0010662,0.9917915,1
LN0003552,0.06395008,0
LN0000343,0.1651363,0
LN0017950,0.23906903,0
LN0011971,0.14451455,0
LN0016911,0.12421415,0
LN0010345,0.14508493,0
LN0013297,0.36957547,0
LN0013747,0.69681853,1
LN0015513,0.4154165,0
LN0012876,0.4859312,0
LN0001799,0.21397173,0
LN0001674,0.64536196,1
LN0017100,0.05368033,0
LN0000452,0.6614695,1
LN0010404,0.6309655,1
LN0007903,0.0691082,0
LN0005990,0.9862959,1
LN0010744,0.22196272,0
LN0009269,0.7199697,1
LN0017951,0.095324874,0
LN0015637,0.2042214,0
LN0006469,0.24069832,0
LN0011990,0.40256038,0
LN0007011,0.10585956,0
LN0012146,0.7374315,1
LN0012758,0.41910526,0
LN0007231,0.13372949,0
LN0007867,0.19517821,0
LN0002853,0.8369847,1
LN0013320,0.06074343,0
LN0002028,0.06158847,0
LN0001930,0.6575002,1
LN0013850,0.23549001,0
LN0014900,0.08534774,0
LN0015969,0.739943,1
LN0010189,0.101758994,0
LN0010750,0.52765155,0
LN0014838,0.97871643,1
LN0008572,0.12929042,0
LN0003714,0.13441946,0
LN0005942,0.23310013,0
LN0011768,0.13050078,0
LN0003055,0.97532076,1
LN0008660,0.054835673,0
LN0016349,0.97488326,1
LN0004959,0.65554684,1
LN0002093,0.1300533,0
LN0013913,0.42687815,0
LN0009263,0.8718125,1
LN0015772,0.84952575,1
LN0008308,0.93340015,1
LN0003174,0.051815998,0
LN0017575,0.987223,1
LN0017277,0.11737714,0
LN0001780,0.987331,1
LN0000540,0.061313264,0
LN0013754,0.1665679,0
LN0008683,0.23632869,0
LN0003374,0.0585811,0
LN0005773,0.57974374,0
LN0005686,0.08174647,0
LN0006417,0.536488,0
LN0006646,0.9303627,1
LN0007254,0.97391,1
LN0017378,0.05448397,0
LN0001690,0.07827397,0
LN0014603,0.7606405,1
LN0015903,0.19879983,0
LN0009589,0.74230295,1
LN0005572,0.8742595,1
LN0009102,0.13614531,0
LN0017454,0.6496417,1
LN0008633,0.99189734,1
LN0004006,0.62303686,1
LN0001907,0.39543188,0
LN0017195,0.46912542,0
LN0014777,0.08116753,0
LN0007910,0.9103222,1
LN0014717,0.99152476,1
LN0016708,0.93077004,1
LN0002598,0.9115039,1
LN0007928,0.32864746,0
LN0009112,0.98883307,1
LN0012969,0.90263724,1
LN0017215,0.98886,1
LN0009716,0.23999828,0
LN0007606,0.06686192,0
LN0015586,0.22626789,0
LN0010341,0.24176675,0
LN0017582,0.13041483,0
LN0003490,0.32660043,0
LN0002205,0.4932221,0
LN0000392,0.7779644,1
LN0012719,0.070324905,0
LN0008003,0.9870962,1
LN0009303,0.17449103,0
LN0013319,0.984624,1
LN0009960,0.10334644,0
LN0016148,0.047044046,0
LN0004319,0.7960467,1
LN0007951,0.0722122,0
LN0001017,0.7071738,1
LN0009803,0.21641192,0
LN0004663,0.14788042,0
LN0007295,0.92576414,1
LN0013630,0.77782524,1
LN0000698,0.32121226,0
LN0011529,0.9862816,1
LN0011024,0.08299009,0
LN0011394,0.7017649,1
LN0013565,0.21185291,0
LN0011917,0.15863135,0
LN0012914,0.47538587,0
LN0007322,0.067221634,0
LN0017094,0.774978,1
LN0014865,0.3379814,0
LN0016735,0.1432555,0
LN0014850,0.061444,0
LN0011182,0.44592622,0
LN0015853,0.21262133,0
LN0016791,0.06810289,0
LN0009326,0.1320954,0
LN0005963,0.13653508,0
LN0002422,0.35789984,0
LN0000175,0.16103554,0
LN0002286,0.21851256,0
LN0009742,0.03884772,0
LN0011463,0.23513456,0
LN0001059,0.99017566,1
LN0005499,0.8949563,1
LN0009199,0.31232256,0
LN0009794,0.6495236,1
LN0012384,0.06769331,0
LN0005927,0.52296305,0
LN0001131,0.0738295,0
LN0009155,0.9583916,1
LN0006872,0.075865984,0
LN0007001,0.07424527,0
LN0013236,0.7119972,1
LN0003437,0.2146359,0
LN0007544,0.9918321,1
LN0008134,0.060923666,0
LN0001450,0.058597486,0
LN0006535,0.09792861,0
LN0009952,0.9769942,1
LN0016980,0.3975826,0
LN0001975,0.43885309,0
LN0012744,0.23969248,0
LN0016771,0.67077965,1
LN0010113,0.38233832,0
LN0012997,0.066027015,0
LN0007155,0.9784672,1
LN0015946,0.29136768,0
LN0010351,0.19720364,0
LN0017993,0.09916978,0
LN0016652,0.7367397,1
LN0012046,0.14353898,0
LN0005234,0.123189464,0
LN0010198,0.21781522,0
LN0016922,0.85791624,1
LN0017362,0.10665209,0
LN0001482,0.12502776,0
LN0014810,0.6127146,1
LN0016711,0.52856916,0
LN0016612,0.15365535,0
LN0005843,0.08293917,0
LN0002661,0.24961038,0
LN0008552,0.61468965,1
LN0002558,0.03390265,0
LN0014936,0.30971134,0
LN0017026,0.099637285,0
LN0010887,0.113621645,0
LN0011812,0.11113089,0
LN0006029,0.33890143,0
LN0009370,0.37031886,0
LN0000515,0.90105003,1
LN0016383,0.9715418,1
LN0006141,0.08951807,0
LN0005056,0.21660739,0
LN0010560,0.08299271,0
LN0004758,0.05811597,0
LN0012595,0.5229177,0
LN0000233,0.9380844,1
LN0014487,0.14042418,0
LN0017821,0.16439764,0
LN0007032,0.07262625,0
LN0008906,0.0768483,0
LN0017885,0.123378575,0
LN0014358,0.5216893,0
LN0012513,0.42385554,0
LN0002876,0.57394105,0
LN0004518,0.1299887,0
LN0014997,0.12625809,0
LN0005669,0.8932216,1
LN0000295,0.9720886,1
LN0007805,0.35757008,0
LN0010517,0.2193761,0
LN0007148,0.9395186,1
LN0003068,0.11992396,0
LN0009525,0.12907076,0
LN0004136,0.42639452,0
LN0004896,0.15507777,0
LN0004643,0.49717152,0
LN0005087,0.43041313,0
LN0013965,0.12568034,0
LN0014444,0.13341597,0
LN0004091,0.08975554,0
LN0006427,0.824592,1
LN0017275,0.85025275,1
LN0007369,0.96532816,1
LN0013624,0.51883173,0
LN0017967,0.117693394,0
LN0015476,0.40367135,0
LN0001843,0.23988952,0
LN0004556,0.73291117,1
LN0010146,0.24616025,0
LN0002635,0.1914419,0
LN0006318,0.6787965,1
LN0011661,0.34065494,0
LN0010553,0.089819744,0
LN0002552,0.16015022,0
LN0002744,0.5690235,0
LN0005111,0.1589236,0
LN0001987,0.6560308,1
LN0006451,0.32515597,0
LN0016719,0.06782227,0
LN0010454,0.758373,1
LN0006008,0.22793841,0
LN0012846,0.303766,0
LN0011874,0.083105646,0
LN0000203,0.20523445,0
LN0014491,0.94469434,1
LN0010143,0.37651816,0
LN0003557,0.94771135,1
LN0004431,0.5914237,0
LN0002965,0.42528746,0
LN0010462,0.11975246,0
LN0006739,0.19926228,0
LN0006723,0.18479387,0
LN0011852,0.20004815,0
LN0014083,0.099294424,0
LN0017923,0.09101535,0
LN0010894,0.12307146,0
LN0015960,0.06927464,0
LN0017160,0.2549919,0
LN0016703,0.30036324,0
LN0005694,0.64479345,1
LN0012520,0.9900893,1
LN0005755,0.130909,0
LN0004918,0.1063104,0
LN0005783,0.76034915,1
LN0017706,0.090424806,0
LN0007264,0.073331594,0
LN0006053,0.17385982,0
LN0010622,0.096982606,0
LN0000156,0.32838577,0
LN0014762,0.41561243,0
LN0010524,0.9839716,1
LN0008965,0.97532475,1
LN0012298,0.70381844,1
LN0005286,0.98220253,1
LN0001498,0.39542076,0
LN0014345,0.06487806,0
LN0016970,0.10769418,0
LN0006820,0.08552198,0
LN0005930,0.098160826,0
LN0010707,0.056891594,0
LN0006789,0.24950448,0
LN0011557,0.8938943,1
LN0004854,0.18340375,0
LN0015617,0.40342888,0
LN0015712,0.16796176,0
LN0015817,0.168179,0
LN0007764,0.44704694,0
LN0005591,0.9896625,1
LN0007366,0.11745766,0
LN0003238,0.6366912,1
LN0001937,0.4087885,0
LN0000620,0.113798745,0
LN0003244,0.9913837,1
LN0001378,0.17675461,0
LN0013412,0.19993603,0
LN0002950,0.1369001,0
LN0016032,0.50064003,0
LN0017372,0.6939277,1
LN0015560,0.065847404,0
LN0016631,0.9059033,1
LN0010007,0.13388112,0
LN0001735,0.056947708,0
LN0013482,0.8869909,1
LN0004134,0.9260828,1
LN0003677,0.37235302,0
LN0017635,0.077951446,0
LN0012872,0.08797316,0
LN0017264,0.98501796,1
LN0010897,0.07313819,0
LN0001297,0.10493561,0
LN0016209,0.079224214,0
LN0015253,0.4243925,0
LN0002703,0.23649302,0
LN0004842,0.12261187,0
LN0007902,0.98734456,1
LN0015037,0.24161138,0
LN0017900,0.9261477,1
LN0008637,0.94302136,1
LN0014597,0.3355029,0
LN0003912,0.6621648,1
LN0008131,0.9827931,1
LN0008708,0.8125155,1
LN0010936,0.09357237,0
LN0009520,0.22382008,0
LN0013560,0.17788413,0
LN0001301,0.0812029,0
LN0005912,0.061420906,0
LN0006145,0.10028613,0
LN0003745,0.06934803,0
LN0014446,0.9915769,1
LN0012168,0.55060923,0
LN0006594,0.21129623,0
LN0012542,0.42648906,0
LN0003381,0.8986355,1
LN0012503,0.5782459,0
LN0005576,0.5465421,0
LN0017743,0.9926885,1
LN0016322,0.917655,1
LN0004110,0.72439194,1
LN0000083,0.09339003,0
LN0006644,0.91022056,1
LN0006772,0.24017933,0
LN0002015,0.2231831,0
LN0014572,0.98117226,1
LN0012181,0.912999,1
LN0002801,0.16956231,0
LN0012184,0.7625416,1
LN0006550,0.097948246,0
LN0013324,0.07538182,0
LN0012331,0.17862661,0
LN0004153,0.09379446,0
LN0009818,0.22338317,0
LN0004500,0.13325374,0
LN0005451,0.52229804,0
LN0006808,0.31645238,0
LN0008089,0.15475059,0
LN0005395,0.4210879,0
LN0008039,0.07009341,0
LN0013974,0.094698094,0
LN0001475,0.12327805,0
LN0017779,0.61779463,1
LN0004018,0.34248435,0
LN0012599,0.09302162,0
LN0014698,0.50411266,0
LN0013032,0.0616918,0
LN0010231,0.39027694,0
LN0004704,0.4171017,0
LN0009601,0.083469346,0
LN0004938,0.557612,0
LN0000370,0.93782425,1
LN0006242,0.5334497,0
LN0013717,0.8380621,1
LN0005680,0.9306055,1
LN0010210,0.089158334,0
LN0004168,0.09138943,0
LN0000561,0.07401299,0
LN0005623,0.1744753,0
LN0011887,0.9843917,1
LN0010358,0.98969907,1
LN0003684,0.054126985,0
LN0013999,0.79952705,1
LN0005593,0.30020154,0
LN0001308,0.047525443,0
LN0006745,0.09746822,0
LN0009912,0.06967608,0
LN0012858,0.34835538,0
LN0005424,0.15508638,0
LN0015369,0.044938058,0
LN0016261,0.10108024,0
LN0004967,0.75499856,1
LN0017288,0.064664416,0
LN0014537,0.059828416,0
LN0017124,0.06980117,0
LN0005085,0.10195912,0
LN0009299,0.9240858,1
LN0001170,0.13952078,0
LN0002006,0.44715717,0
LN0015742,0.34824988,0
LN0005052,0.24399146,0
LN0016449,0.35529116,0
LN0013227,0.105826914,0
LN0015228,0.23759933,0
LN0013809,0.43153268,0
LN0004364,0.5190711,0
LN0008771,0.7665924,1
LN0001197,0.9867221,1
LN0011746,0.30314076,0
LN0005417,0.103941254,0
LN0003936,0.52301973,0
LN0012907,0.08234935,0
LN0016953,0.09952054,0
LN0017733,0.19490963,0
LN0011600,0.7895681,1
LN0002497,0.18607652,0
LN0017584,0.34877685,0
LN0007058,0.9917846,1
LN0016315,0.09140111,0
LN0013194,0.90252453,1
LN0007433,0.28924328,0
LN0006433,0.07803608,0
LN0006722,0.66113645,1
LN0009583,0.118537515,0
LN0008997,0.25995398,0
LN0008176,0.44563508,0
LN0007939,0.32401633,0
LN0005375,0.34557447,0
LN0008104,0.105313756,0
